Sample Size,Question,Data Value
55.0,Percent of adults who report consuming vegetables less than one time daily,[6.9]
56.0,Percent of adults who report consuming fruit less than one time daily,[50.1]
58.0,Percent of adults aged 18 years and older who have an overweight classification,[48.8]
58.0,Percent of adults aged 18 years and older who have obesity,[20.5]
60.0,Percent of adults who report consuming fruit less than one time daily,[37.8]
60.0,Percent of adults who report consuming vegetables less than one time daily,[11.1]
61.0,Percent of adults aged 18 years and older who have an overweight classification,[33.0]
61.0,Percent of adults aged 18 years and older who have obesity,[27.4]
62.0,Percent of adults who engage in no leisure-time physical activity,[26.5]
65.0,Percent of adults who report consuming vegetables less than one time daily,[19.7]
68.0,Percent of adults who report consuming vegetables less than one time daily,[16.5]
69.0,Percent of adults aged 18 years and older who have an overweight classification,[36.6]
69.0,Percent of adults aged 18 years and older who have obesity,[38.8]
69.0,Percent of adults who report consuming fruit less than one time daily,[34.3]
69.0,Percent of adults who report consuming vegetables less than one time daily,[18.9]
70.0,Percent of adults who engage in no leisure-time physical activity,[29.9]
71.0,Percent of adults who report consuming fruit less than one time daily,[42.4]
72.0,Percent of adults aged 18 years and older who have an overweight classification,[28.6]
72.0,Percent of adults aged 18 years and older who have obesity,[37.1]
72.0,Percent of adults who report consuming fruit less than one time daily,"[42.6, 21.9]"
75.0,Percent of adults who report consuming vegetables less than one time daily,[37.6]
76.0,Percent of adults who report consuming vegetables less than one time daily,[16.6]
78.0,Percent of adults aged 18 years and older who have an overweight classification,"[39.2, 42.0]"
78.0,Percent of adults aged 18 years and older who have obesity,"[31.2, 29.4]"
79.0,Percent of adults aged 18 years and older who have an overweight classification,[43.3]
79.0,Percent of adults aged 18 years and older who have obesity,[24.6]
79.0,Percent of adults who report consuming vegetables less than one time daily,[17.2]
80.0,Percent of adults who report consuming fruit less than one time daily,[45.6]
81.0,Percent of adults aged 18 years and older who have an overweight classification,[35.3]
81.0,Percent of adults aged 18 years and older who have obesity,[45.8]
81.0,Percent of adults who report consuming fruit less than one time daily,[35.4]
82.0,Percent of adults aged 18 years and older who have an overweight classification,[39.7]
82.0,Percent of adults aged 18 years and older who have obesity,[37.0]
82.0,Percent of adults who report consuming vegetables less than one time daily,[17.8]
84.0,Percent of adults who engage in no leisure-time physical activity,"[22.8, 21.8]"
84.0,Percent of adults who report consuming fruit less than one time daily,[32.5]
87.0,Percent of adults who engage in no leisure-time physical activity,[17.8]
88.0,Percent of adults who engage in no leisure-time physical activity,"[25.4, 29.6]"
96.0,Percent of adults who engage in no leisure-time physical activity,"[11.2, 19.9]"
98.0,Percent of adults who report consuming vegetables less than one time daily,[27.5]
103.0,Percent of adults who report consuming fruit less than one time daily,[53.4]
103.0,Percent of adults who report consuming vegetables less than one time daily,[20.9]
106.0,Percent of adults aged 18 years and older who have an overweight classification,[29.5]
106.0,Percent of adults aged 18 years and older who have obesity,[20.7]
107.0,Percent of adults aged 18 years and older who have an overweight classification,[33.2]
107.0,Percent of adults aged 18 years and older who have obesity,[32.6]
107.0,Percent of adults who report consuming fruit less than one time daily,[38.4]
107.0,Percent of adults who report consuming vegetables less than one time daily,[15.1]
113.0,Percent of adults who report consuming vegetables less than one time daily,[32.9]
115.0,Percent of adults who report consuming fruit less than one time daily,[43.7]
116.0,Percent of adults who engage in no leisure-time physical activity,[29.5]
118.0,Percent of adults who report consuming fruit less than one time daily,[37.2]
121.0,Percent of adults aged 18 years and older who have an overweight classification,[29.0]
121.0,Percent of adults aged 18 years and older who have obesity,[35.9]
122.0,Percent of adults aged 18 years and older who have an overweight classification,[26.0]
122.0,Percent of adults aged 18 years and older who have obesity,[34.8]
129.0,Percent of adults who report consuming fruit less than one time daily,[27.6]
130.0,Percent of adults aged 18 years and older who have an overweight classification,[34.6]
130.0,Percent of adults aged 18 years and older who have obesity,[29.2]
132.0,Percent of adults who report consuming vegetables less than one time daily,[17.4]
133.0,Percent of adults who engage in no leisure-time physical activity,"[37.2, 23.5]"
134.0,Percent of adults who engage in no leisure-time physical activity,[20.9]
145.0,Percent of adults who report consuming fruit less than one time daily,[43.5]
145.0,Percent of adults who report consuming vegetables less than one time daily,[16.0]
147.0,Percent of adults aged 18 years and older who have an overweight classification,[40.1]
147.0,Percent of adults aged 18 years and older who have obesity,[14.2]
150.0,Percent of adults who engage in no leisure-time physical activity,[20.5]
157.0,Percent of adults who report consuming vegetables less than one time daily,[23.0]
158.0,Percent of adults who report consuming fruit less than one time daily,[49.5]
158.0,Percent of adults who report consuming vegetables less than one time daily,[16.6]
160.0,Percent of adults who engage in no leisure-time physical activity,[17.1]
161.0,Percent of adults who report consuming vegetables less than one time daily,[19.5]
164.0,Percent of adults who report consuming fruit less than one time daily,[42.4]
165.0,Percent of adults aged 18 years and older who have an overweight classification,[36.8]
165.0,Percent of adults aged 18 years and older who have obesity,[8.1]
167.0,Percent of adults who report consuming fruit less than one time daily,[43.9]
167.0,Percent of adults who report consuming vegetables less than one time daily,[35.9]
174.0,Percent of adults aged 18 years and older who have an overweight classification,[33.2]
174.0,Percent of adults aged 18 years and older who have obesity,[39.1]
175.0,Percent of adults who report consuming fruit less than one time daily,"[51.2, 44.2]"
175.0,Percent of adults who report consuming vegetables less than one time daily,[20.0]
176.0,Percent of adults aged 18 years and older who have an overweight classification,[22.7]
176.0,Percent of adults aged 18 years and older who have obesity,[28.4]
176.0,Percent of adults who report consuming vegetables less than one time daily,[12.3]
177.0,Percent of adults aged 18 years and older who have an overweight classification,[31.2]
177.0,Percent of adults aged 18 years and older who have obesity,[31.1]
178.0,Percent of adults who report consuming vegetables less than one time daily,[12.7]
180.0,Percent of adults aged 18 years and older who have an overweight classification,[22.5]
180.0,Percent of adults aged 18 years and older who have obesity,[17.5]
184.0,Percent of adults who report consuming fruit less than one time daily,[39.5]
187.0,Percent of adults aged 18 years and older who have an overweight classification,[26.1]
187.0,Percent of adults aged 18 years and older who have obesity,[31.8]
189.0,Percent of adults who engage in no leisure-time physical activity,[24.3]
191.0,Percent of adults who engage in no leisure-time physical activity,[20.6]
193.0,Percent of adults who engage in no leisure-time physical activity,[15.2]
193.0,Percent of adults who report consuming fruit less than one time daily,[49.3]
196.0,Percent of adults who engage in no leisure-time physical activity,[19.4]
197.0,Percent of adults who report consuming vegetables less than one time daily,[19.3]
199.0,Percent of adults who report consuming fruit less than one time daily,[34.3]
206.0,Percent of adults who engage in no leisure-time physical activity,[22.9]
207.0,Percent of adults aged 18 years and older who have an overweight classification,[37.8]
207.0,Percent of adults aged 18 years and older who have obesity,[26.1]
207.0,Percent of adults who report consuming vegetables less than one time daily,[14.8]
210.0,Percent of adults who engage in no leisure-time physical activity,[21.3]
213.0,Percent of adults who report consuming vegetables less than one time daily,[28.5]
214.0,Percent of adults who report consuming fruit less than one time daily,[30.1]
216.0,Percent of adults aged 18 years and older who have an overweight classification,[31.5]
216.0,Percent of adults aged 18 years and older who have obesity,[26.4]
219.0,Percent of adults who engage in no leisure-time physical activity,[14.6]
219.0,Percent of adults who report consuming vegetables less than one time daily,[24.7]
223.0,Percent of adults who report consuming fruit less than one time daily,[44.8]
224.0,Percent of adults who report consuming fruit less than one time daily,[52.2]
225.0,Percent of adults aged 18 years and older who have an overweight classification,[32.0]
225.0,Percent of adults aged 18 years and older who have obesity,[13.6]
232.0,Percent of adults aged 18 years and older who have an overweight classification,[28.5]
232.0,Percent of adults aged 18 years and older who have obesity,[25.4]
232.0,Percent of adults who report consuming vegetables less than one time daily,"[21.6, 37.6]"
235.0,Percent of adults who engage in no leisure-time physical activity,[32.3]
238.0,Percent of adults who report consuming vegetables less than one time daily,[24.9]
240.0,Percent of adults who report consuming fruit less than one time daily,"[44.6, 41.7]"
246.0,Percent of adults who report consuming vegetables less than one time daily,[36.8]
249.0,Percent of adults who report consuming fruit less than one time daily,[41.3]
250.0,Percent of adults who report consuming vegetables less than one time daily,[27.4]
252.0,Percent of adults aged 18 years and older who have an overweight classification,[31.5]
252.0,Percent of adults aged 18 years and older who have obesity,[37.6]
252.0,Percent of adults who report consuming fruit less than one time daily,[47.2]
253.0,Percent of adults aged 18 years and older who have an overweight classification,[31.1]
253.0,Percent of adults aged 18 years and older who have obesity,[28.8]
254.0,Percent of adults who engage in no leisure-time physical activity,[19.3]
255.0,Percent of adults aged 18 years and older who have an overweight classification,[33.0]
255.0,Percent of adults aged 18 years and older who have obesity,[35.5]
256.0,Percent of adults aged 18 years and older who have an overweight classification,[36.0]
256.0,Percent of adults aged 18 years and older who have obesity,[42.5]
256.0,Percent of adults who report consuming vegetables less than one time daily,[30.4]
258.0,Percent of adults who report consuming fruit less than one time daily,[44.1]
259.0,Percent of adults who report consuming vegetables less than one time daily,[16.8]
262.0,Percent of adults who engage in no leisure-time physical activity,[16.6]
263.0,Percent of adults who report consuming fruit less than one time daily,"[47.5, 41.4]"
265.0,Percent of adults who engage in no leisure-time physical activity,[30.5]
272.0,Percent of adults aged 18 years and older who have an overweight classification,[25.8]
272.0,Percent of adults aged 18 years and older who have obesity,[44.4]
273.0,Percent of adults aged 18 years and older who have an overweight classification,[27.0]
273.0,Percent of adults aged 18 years and older who have obesity,[40.8]
275.0,Percent of adults aged 18 years and older who have an overweight classification,[35.0]
275.0,Percent of adults aged 18 years and older who have obesity,[30.6]
279.0,Percent of adults who engage in no leisure-time physical activity,[45.2]
280.0,Percent of adults aged 18 years and older who have an overweight classification,[27.9]
280.0,Percent of adults aged 18 years and older who have obesity,[26.1]
282.0,Percent of adults who engage in no leisure-time physical activity,[25.6]
283.0,Percent of adults who report consuming vegetables less than one time daily,[42.0]
286.0,Percent of adults who engage in no leisure-time physical activity,[46.9]
287.0,Percent of adults who report consuming vegetables less than one time daily,[20.9]
294.0,Percent of adults who engage in no leisure-time physical activity,[18.9]
294.0,Percent of adults who report consuming fruit less than one time daily,[39.6]
295.0,Percent of adults who report consuming vegetables less than one time daily,[28.2]
296.0,Percent of adults who engage in no leisure-time physical activity,[19.8]
300.0,Percent of adults who report consuming vegetables less than one time daily,[31.6]
303.0,Percent of adults who engage in no leisure-time physical activity,[25.0]
305.0,Percent of adults who report consuming vegetables less than one time daily,[27.8]
309.0,Percent of adults who engage in no leisure-time physical activity,[21.8]
309.0,Percent of adults who report consuming fruit less than one time daily,[37.3]
311.0,Percent of adults who report consuming fruit less than one time daily,[44.4]
312.0,Percent of adults aged 18 years and older who have an overweight classification,[42.2]
312.0,Percent of adults aged 18 years and older who have obesity,[37.0]
313.0,Percent of adults who report consuming fruit less than one time daily,[50.6]
317.0,Percent of adults who report consuming fruit less than one time daily,[46.2]
322.0,Percent of adults who report consuming vegetables less than one time daily,[24.1]
328.0,Percent of adults aged 18 years and older who have an overweight classification,[33.1]
328.0,Percent of adults aged 18 years and older who have obesity,[40.5]
329.0,Percent of adults aged 18 years and older who have an overweight classification,[31.2]
329.0,Percent of adults aged 18 years and older who have obesity,[31.4]
330.0,Percent of adults aged 18 years and older who have an overweight classification,[37.1]
330.0,Percent of adults aged 18 years and older who have obesity,[35.5]
330.0,Percent of adults who report consuming fruit less than one time daily,[39.5]
332.0,Percent of adults who report consuming vegetables less than one time daily,[29.9]
335.0,Percent of adults who report consuming fruit less than one time daily,[50.1]
342.0,Percent of adults who engage in no leisure-time physical activity,[23.4]
349.0,Percent of adults aged 18 years and older who have an overweight classification,[30.3]
349.0,Percent of adults aged 18 years and older who have obesity,[42.5]
349.0,Percent of adults who report consuming vegetables less than one time daily,[34.0]
351.0,Percent of adults aged 18 years and older who have an overweight classification,[36.6]
351.0,Percent of adults aged 18 years and older who have obesity,[29.9]
356.0,Percent of adults who engage in no leisure-time physical activity,[46.9]
362.0,Percent of adults who report consuming fruit less than one time daily,[41.9]
363.0,Percent of adults aged 18 years and older who have an overweight classification,[29.0]
363.0,Percent of adults aged 18 years and older who have obesity,[33.9]
366.0,Percent of adults who engage in no leisure-time physical activity,[43.0]
370.0,Percent of adults aged 18 years and older who have an overweight classification,[29.5]
370.0,Percent of adults aged 18 years and older who have obesity,[27.5]
372.0,Percent of adults who engage in no leisure-time physical activity,[24.7]
373.0,Percent of adults who report consuming vegetables less than one time daily,[17.2]
385.0,Percent of adults who report consuming fruit less than one time daily,[44.5]
386.0,Percent of adults who engage in no leisure-time physical activity,[31.8]
387.0,Percent of adults who report consuming vegetables less than one time daily,[25.9]
392.0,Percent of adults who engage in no leisure-time physical activity,[40.4]
393.0,Percent of adults who report consuming fruit less than one time daily,[48.0]
394.0,Percent of adults aged 18 years and older who have an overweight classification,[32.1]
394.0,Percent of adults aged 18 years and older who have obesity,[45.3]
397.0,Percent of adults who report consuming vegetables less than one time daily,[20.4]
401.0,Percent of adults who report consuming vegetables less than one time daily,[32.6]
404.0,Percent of adults who engage in no leisure-time physical activity,[31.9]
405.0,Percent of adults who report consuming vegetables less than one time daily,[24.8]
409.0,Percent of adults aged 18 years and older who have an overweight classification,[30.1]
409.0,Percent of adults aged 18 years and older who have obesity,[40.8]
410.0,Percent of adults who report consuming vegetables less than one time daily,[20.3]
411.0,Percent of adults who report consuming vegetables less than one time daily,[25.2]
412.0,Percent of adults who engage in no leisure-time physical activity,[47.2]
412.0,Percent of adults who report consuming fruit less than one time daily,[39.8]
413.0,Percent of adults who report consuming vegetables less than one time daily,"[13.1, 31.5]"
414.0,Percent of adults aged 18 years and older who have an overweight classification,[22.5]
414.0,Percent of adults aged 18 years and older who have obesity,[20.0]
416.0,Percent of adults who report consuming fruit less than one time daily,[46.1]
419.0,Percent of adults aged 18 years and older who have an overweight classification,[35.5]
419.0,Percent of adults aged 18 years and older who have obesity,[38.3]
419.0,Percent of adults who report consuming fruit less than one time daily,"[49.4, 44.6]"
419.0,Percent of adults who report consuming vegetables less than one time daily,[32.6]
420.0,Percent of adults who report consuming fruit less than one time daily,[46.8]
430.0,Percent of adults who engage in no leisure-time physical activity,[46.4]
433.0,Percent of adults aged 18 years and older who have an overweight classification,[21.1]
433.0,Percent of adults aged 18 years and older who have obesity,[46.6]
433.0,Percent of adults who report consuming fruit less than one time daily,[40.0]
434.0,Percent of adults who report consuming fruit less than one time daily,[38.9]
434.0,Percent of adults who report consuming vegetables less than one time daily,[13.9]
437.0,Percent of adults who engage in no leisure-time physical activity,[28.3]
438.0,Percent of adults aged 18 years and older who have an overweight classification,[36.9]
438.0,Percent of adults aged 18 years and older who have obesity,[39.8]
440.0,Percent of adults aged 18 years and older who have an overweight classification,[32.5]
440.0,Percent of adults aged 18 years and older who have obesity,[33.0]
440.0,Percent of adults who report consuming fruit less than one time daily,[49.7]
441.0,Percent of adults aged 18 years and older who have an overweight classification,[35.5]
441.0,Percent of adults aged 18 years and older who have obesity,[40.3]
441.0,Percent of adults who report consuming fruit less than one time daily,[36.6]
448.0,Percent of adults aged 18 years and older who have an overweight classification,[29.7]
448.0,Percent of adults aged 18 years and older who have obesity,[48.9]
448.0,Percent of adults who report consuming vegetables less than one time daily,[31.4]
453.0,Percent of adults who report consuming vegetables less than one time daily,[23.4]
455.0,Percent of adults aged 18 years and older who have an overweight classification,[34.7]
455.0,Percent of adults aged 18 years and older who have obesity,[33.2]
455.0,Percent of adults who engage in no leisure-time physical activity,[24.8]
457.0,Percent of adults who report consuming fruit less than one time daily,[42.4]
463.0,Percent of adults aged 18 years and older who have an overweight classification,[29.8]
463.0,Percent of adults aged 18 years and older who have obesity,[44.4]
465.0,Percent of adults who report consuming vegetables less than one time daily,[15.2]
466.0,Percent of adults who engage in no leisure-time physical activity,[26.0]
468.0,Percent of adults who engage in no leisure-time physical activity,[17.7]
474.0,Percent of adults who report consuming vegetables less than one time daily,[19.6]
475.0,Percent of adults aged 18 years and older who have an overweight classification,[30.7]
475.0,Percent of adults aged 18 years and older who have obesity,[46.2]
475.0,Percent of adults who engage in no leisure-time physical activity,[23.3]
476.0,Percent of adults who report consuming fruit less than one time daily,[42.9]
478.0,Percent of adults who engage in no leisure-time physical activity,[15.1]
478.0,Percent of adults who report consuming vegetables less than one time daily,[22.2]
479.0,Percent of adults who report consuming fruit less than one time daily,[45.5]
486.0,Percent of adults who report consuming fruit less than one time daily,[49.1]
487.0,Percent of adults who engage in no leisure-time physical activity,[22.3]
489.0,Percent of adults aged 18 years and older who have an overweight classification,[33.9]
489.0,Percent of adults aged 18 years and older who have obesity,[39.6]
489.0,Percent of adults who report consuming vegetables less than one time daily,[26.7]
490.0,Percent of adults who report consuming vegetables less than one time daily,[23.0]
492.0,Percent of adults who report consuming fruit less than one time daily,[45.5]
495.0,Percent of adults who engage in no leisure-time physical activity,[33.0]
499.0,Percent of adults who report consuming vegetables less than one time daily,[16.7]
501.0,Percent of adults who report consuming fruit less than one time daily,[47.9]
503.0,Percent of adults who engage in no leisure-time physical activity,[38.5]
504.0,Percent of adults aged 18 years and older who have an overweight classification,[28.5]
504.0,Percent of adults aged 18 years and older who have obesity,[46.4]
507.0,Percent of adults who engage in no leisure-time physical activity,[28.5]
507.0,Percent of adults who report consuming fruit less than one time daily,[44.5]
507.0,Percent of adults who report consuming vegetables less than one time daily,[36.3]
509.0,Percent of adults aged 18 years and older who have an overweight classification,[30.0]
509.0,Percent of adults aged 18 years and older who have obesity,[36.7]
509.0,Percent of adults who report consuming vegetables less than one time daily,[27.9]
513.0,Percent of adults aged 18 years and older who have an overweight classification,[26.4]
513.0,Percent of adults aged 18 years and older who have obesity,[50.0]
513.0,Percent of adults who report consuming vegetables less than one time daily,[29.1]
518.0,Percent of adults who report consuming fruit less than one time daily,[36.2]
521.0,Percent of adults aged 18 years and older who have an overweight classification,"[31.8, 33.8]"
521.0,Percent of adults aged 18 years and older who have obesity,"[45.8, 33.7]"
522.0,Percent of adults who engage in no leisure-time physical activity,[32.9]
522.0,Percent of adults who report consuming fruit less than one time daily,[51.1]
523.0,Percent of adults who report consuming vegetables less than one time daily,[38.4]
524.0,Percent of adults who report consuming vegetables less than one time daily,[17.2]
529.0,Percent of adults who report consuming fruit less than one time daily,[42.7]
531.0,Percent of adults who report consuming vegetables less than one time daily,[22.3]
532.0,Percent of adults who report consuming vegetables less than one time daily,[23.9]
533.0,Percent of adults aged 18 years and older who have an overweight classification,"[38.6, 32.2]"
533.0,Percent of adults aged 18 years and older who have obesity,"[35.2, 45.3]"
533.0,Percent of adults who report consuming vegetables less than one time daily,[24.2]
534.0,Percent of adults aged 18 years and older who have an overweight classification,[29.5]
534.0,Percent of adults aged 18 years and older who have obesity,[39.2]
535.0,Percent of adults who engage in no leisure-time physical activity,[28.3]
537.0,Percent of adults who report consuming fruit less than one time daily,[39.4]
540.0,Percent of adults who report consuming vegetables less than one time daily,[29.7]
541.0,Percent of adults who report consuming fruit less than one time daily,[45.4]
543.0,Percent of adults who report consuming fruit less than one time daily,[39.0]
544.0,Percent of adults who report consuming vegetables less than one time daily,[38.0]
546.0,Percent of adults aged 18 years and older who have an overweight classification,[37.1]
546.0,Percent of adults aged 18 years and older who have obesity,[27.6]
548.0,Percent of adults who report consuming fruit less than one time daily,"[51.2, 39.4]"
551.0,Percent of adults who report consuming vegetables less than one time daily,[19.2]
553.0,Percent of adults aged 18 years and older who have an overweight classification,[31.0]
553.0,Percent of adults aged 18 years and older who have obesity,[9.4]
553.0,Percent of adults who engage in no leisure-time physical activity,"[22.4, 26.7]"
556.0,Percent of adults who report consuming fruit less than one time daily,[39.9]
558.0,Percent of adults who report consuming fruit less than one time daily,[49.3]
559.0,Percent of adults who report consuming fruit less than one time daily,[47.7]
559.0,Percent of adults who report consuming vegetables less than one time daily,[26.3]
562.0,Percent of adults who engage in no leisure-time physical activity,[25.6]
562.0,Percent of adults who report consuming vegetables less than one time daily,[32.3]
563.0,Percent of adults aged 18 years and older who have an overweight classification,[38.2]
563.0,Percent of adults aged 18 years and older who have obesity,[31.0]
564.0,Percent of adults who engage in no leisure-time physical activity,[31.5]
566.0,Percent of adults who report consuming vegetables less than one time daily,[19.5]
567.0,Percent of adults who report consuming fruit less than one time daily,[37.2]
568.0,Percent of adults aged 18 years and older who have an overweight classification,[24.6]
568.0,Percent of adults aged 18 years and older who have obesity,[19.5]
568.0,Percent of adults who report consuming fruit less than one time daily,[50.7]
569.0,Percent of adults aged 18 years and older who have an overweight classification,[30.9]
569.0,Percent of adults aged 18 years and older who have obesity,[42.8]
570.0,Percent of adults who report consuming fruit less than one time daily,[42.6]
570.0,Percent of adults who report consuming vegetables less than one time daily,[19.5]
572.0,Percent of adults who report consuming vegetables less than one time daily,[24.5]
573.0,Percent of adults aged 18 years and older who have an overweight classification,[32.3]
573.0,Percent of adults aged 18 years and older who have obesity,[39.0]
575.0,Percent of adults aged 18 years and older who have an overweight classification,[29.1]
575.0,Percent of adults aged 18 years and older who have obesity,[39.1]
577.0,Percent of adults who report consuming fruit less than one time daily,[49.2]
582.0,Percent of adults who engage in no leisure-time physical activity,[42.5]
583.0,Percent of adults aged 18 years and older who have an overweight classification,[31.1]
583.0,Percent of adults aged 18 years and older who have obesity,[39.0]
585.0,Percent of adults who engage in no leisure-time physical activity,[28.1]
586.0,Percent of adults who engage in no leisure-time physical activity,[35.6]
587.0,Percent of adults aged 18 years and older who have an overweight classification,[29.4]
587.0,Percent of adults aged 18 years and older who have obesity,[37.1]
587.0,Percent of adults who report consuming fruit less than one time daily,[37.8]
589.0,Percent of adults who engage in no leisure-time physical activity,[20.8]
589.0,Percent of adults who report consuming fruit less than one time daily,[46.3]
589.0,Percent of adults who report consuming vegetables less than one time daily,[27.1]
590.0,Percent of adults aged 18 years and older who have an overweight classification,[29.6]
590.0,Percent of adults aged 18 years and older who have obesity,[20.7]
593.0,Percent of adults aged 18 years and older who have an overweight classification,[32.4]
593.0,Percent of adults aged 18 years and older who have obesity,[40.1]
594.0,Percent of adults aged 18 years and older who have an overweight classification,[33.8]
594.0,Percent of adults aged 18 years and older who have obesity,[46.4]
594.0,Percent of adults who report consuming vegetables less than one time daily,[26.9]
595.0,Percent of adults aged 18 years and older who have an overweight classification,[34.1]
595.0,Percent of adults aged 18 years and older who have obesity,[32.2]
598.0,Percent of adults who engage in no leisure-time physical activity,[33.3]
604.0,Percent of adults who report consuming vegetables less than one time daily,[20.7]
605.0,Percent of adults who engage in no leisure-time physical activity,[13.5]
605.0,Percent of adults who report consuming fruit less than one time daily,[42.6]
610.0,Percent of adults who engage in no leisure-time physical activity,[44.4]
610.0,Percent of adults who report consuming fruit less than one time daily,[47.6]
611.0,Percent of adults who report consuming fruit less than one time daily,[33.2]
614.0,Percent of adults aged 18 years and older who have an overweight classification,"[35.8, 33.1]"
614.0,Percent of adults aged 18 years and older who have obesity,"[33.9, 35.5]"
616.0,Percent of adults who engage in no leisure-time physical activity,[31.1]
618.0,Percent of adults who report consuming vegetables less than one time daily,[33.6]
625.0,Percent of adults who engage in no leisure-time physical activity,[34.7]
626.0,Percent of adults aged 18 years and older who have an overweight classification,"[24.0, 32.3]"
626.0,Percent of adults aged 18 years and older who have obesity,"[13.8, 31.7]"
628.0,Percent of adults who engage in no leisure-time physical activity,[17.3]
628.0,Percent of adults who report consuming fruit less than one time daily,[35.1]
630.0,Percent of adults aged 18 years and older who have an overweight classification,[38.5]
630.0,Percent of adults aged 18 years and older who have obesity,[26.9]
631.0,Percent of adults who engage in no leisure-time physical activity,[32.1]
631.0,Percent of adults who report consuming vegetables less than one time daily,[16.5]
638.0,Percent of adults who engage in no leisure-time physical activity,[35.6]
643.0,Percent of adults who engage in no leisure-time physical activity,"[23.8, 21.6, 36.3]"
645.0,Percent of adults who engage in no leisure-time physical activity,[17.4]
648.0,Percent of adults who report consuming fruit less than one time daily,[47.0]
650.0,Percent of adults aged 18 years and older who have an overweight classification,[33.9]
650.0,Percent of adults aged 18 years and older who have obesity,[32.4]
658.0,Percent of adults who report consuming vegetables less than one time daily,[32.9]
664.0,Percent of adults who engage in no leisure-time physical activity,[29.2]
670.0,Percent of adults who engage in no leisure-time physical activity,[13.1]
671.0,Percent of adults who report consuming vegetables less than one time daily,[15.0]
672.0,Percent of adults who report consuming fruit less than one time daily,[41.1]
675.0,Percent of adults aged 18 years and older who have an overweight classification,[27.9]
675.0,Percent of adults aged 18 years and older who have obesity,[44.1]
677.0,Percent of adults who engage in no leisure-time physical activity,[27.8]
683.0,Percent of adults who engage in no leisure-time physical activity,[29.6]
683.0,Percent of adults who report consuming vegetables less than one time daily,[11.2]
691.0,Percent of adults who report consuming fruit less than one time daily,[42.9]
695.0,Percent of adults who report consuming vegetables less than one time daily,"[15.1, 20.7]"
699.0,Percent of adults who engage in no leisure-time physical activity,[14.3]
704.0,Percent of adults who report consuming fruit less than one time daily,[41.8]
710.0,Percent of adults aged 18 years and older who have an overweight classification,[36.9]
710.0,Percent of adults aged 18 years and older who have obesity,[33.3]
710.0,Percent of adults who report consuming fruit less than one time daily,[37.5]
714.0,Percent of adults who engage in no leisure-time physical activity,[25.7]
720.0,Percent of adults aged 18 years and older who have an overweight classification,[35.6]
720.0,Percent of adults aged 18 years and older who have obesity,[27.8]
721.0,Percent of adults aged 18 years and older who have an overweight classification,[38.9]
721.0,Percent of adults aged 18 years and older who have obesity,[32.3]
721.0,Percent of adults who engage in no leisure-time physical activity,[36.3]
721.0,Percent of adults who report consuming fruit less than one time daily,[36.9]
732.0,Percent of adults who engage in no leisure-time physical activity,[34.6]
739.0,Percent of adults who report consuming vegetables less than one time daily,[17.2]
740.0,Percent of adults aged 18 years and older who have an overweight classification,[35.4]
740.0,Percent of adults aged 18 years and older who have obesity,[36.2]
754.0,Percent of adults who engage in no leisure-time physical activity,[15.0]
755.0,Percent of adults who report consuming vegetables less than one time daily,[35.1]
757.0,Percent of adults who engage in no leisure-time physical activity,[12.4]
758.0,Percent of adults aged 18 years and older who have an overweight classification,[41.0]
758.0,Percent of adults aged 18 years and older who have obesity,[38.3]
760.0,Percent of adults who report consuming fruit less than one time daily,[43.7]
769.0,Percent of adults aged 18 years and older who have an overweight classification,[31.6]
769.0,Percent of adults aged 18 years and older who have obesity,[42.9]
776.0,Percent of adults who engage in no leisure-time physical activity,[17.9]
777.0,Percent of adults who report consuming vegetables less than one time daily,[22.8]
778.0,Percent of adults who engage in no leisure-time physical activity,[13.5]
787.0,Percent of adults aged 18 years and older who have an overweight classification,[31.2]
787.0,Percent of adults aged 18 years and older who have obesity,[32.2]
787.0,Percent of adults who report consuming vegetables less than one time daily,[42.5]
791.0,Percent of adults who report consuming fruit less than one time daily,[39.4]
791.0,Percent of adults who report consuming vegetables less than one time daily,[18.0]
792.0,Percent of adults who report consuming vegetables less than one time daily,[20.0]
793.0,Percent of adults who report consuming fruit less than one time daily,[41.4]
808.0,Percent of adults aged 18 years and older who have an overweight classification,[37.6]
808.0,Percent of adults aged 18 years and older who have obesity,[34.1]
809.0,Percent of adults who report consuming fruit less than one time daily,[48.4]
811.0,Percent of adults who report consuming vegetables less than one time daily,[21.2]
812.0,Percent of adults who report consuming fruit less than one time daily,[32.3]
813.0,Percent of adults who report consuming fruit less than one time daily,[51.5]
823.0,Percent of adults who report consuming fruit less than one time daily,[36.7]
826.0,Percent of adults aged 18 years and older who have an overweight classification,[32.7]
826.0,Percent of adults aged 18 years and older who have obesity,[44.4]
827.0,Percent of adults aged 18 years and older who have an overweight classification,[33.2]
827.0,Percent of adults aged 18 years and older who have obesity,[42.6]
835.0,Percent of adults who report consuming vegetables less than one time daily,[21.7]
845.0,Percent of adults aged 18 years and older who have an overweight classification,[36.3]
845.0,Percent of adults aged 18 years and older who have obesity,[30.0]
852.0,Percent of adults who report consuming vegetables less than one time daily,[22.2]
855.0,Percent of adults who report consuming fruit less than one time daily,[36.4]
863.0,Percent of adults who report consuming vegetables less than one time daily,[26.7]
865.0,Percent of adults who engage in no leisure-time physical activity,[21.5]
870.0,Percent of adults who report consuming vegetables less than one time daily,[21.3]
877.0,Percent of adults who report consuming fruit less than one time daily,[38.8]
886.0,Percent of adults who report consuming fruit less than one time daily,[41.1]
888.0,Percent of adults who report consuming fruit less than one time daily,[36.8]
892.0,Percent of adults aged 18 years and older who have an overweight classification,[43.4]
892.0,Percent of adults aged 18 years and older who have obesity,[29.6]
893.0,Percent of adults who report consuming vegetables less than one time daily,[20.5]
894.0,Percent of adults aged 18 years and older who have an overweight classification,[34.7]
894.0,Percent of adults aged 18 years and older who have obesity,[33.7]
900.0,Percent of adults who engage in no leisure-time physical activity,[39.1]
905.0,Percent of adults aged 18 years and older who have an overweight classification,[33.4]
905.0,Percent of adults aged 18 years and older who have obesity,[36.3]
913.0,Percent of adults who engage in no leisure-time physical activity,[39.1]
918.0,Percent of adults aged 18 years and older who have an overweight classification,"[34.8, 33.9]"
918.0,Percent of adults aged 18 years and older who have obesity,"[30.7, 27.3]"
918.0,Percent of adults who engage in no leisure-time physical activity,[15.6]
919.0,Percent of adults who report consuming vegetables less than one time daily,[22.9]
921.0,Percent of adults who report consuming fruit less than one time daily,[43.7]
939.0,Percent of adults who report consuming fruit less than one time daily,[39.8]
940.0,Percent of adults who report consuming vegetables less than one time daily,[19.8]
948.0,Percent of adults who report consuming vegetables less than one time daily,[21.8]
950.0,Percent of adults who engage in no leisure-time physical activity,[35.2]
951.0,Percent of adults aged 18 years and older who have an overweight classification,[37.4]
951.0,Percent of adults aged 18 years and older who have obesity,[33.0]
953.0,Percent of adults who engage in no leisure-time physical activity,[23.9]
958.0,Percent of adults aged 18 years and older who have an overweight classification,[35.3]
958.0,Percent of adults aged 18 years and older who have obesity,[28.0]
960.0,Percent of adults who report consuming fruit less than one time daily,[35.9]
967.0,Percent of adults who report consuming fruit less than one time daily,[41.3]
969.0,Percent of adults who engage in no leisure-time physical activity,[21.8]
974.0,Percent of adults who engage in no leisure-time physical activity,[31.4]
981.0,Percent of adults aged 18 years and older who have an overweight classification,[33.6]
981.0,Percent of adults aged 18 years and older who have obesity,[26.7]
982.0,Percent of adults who report consuming vegetables less than one time daily,[18.3]
985.0,Percent of adults who engage in no leisure-time physical activity,[37.7]
990.0,Percent of adults who engage in no leisure-time physical activity,[18.2]
995.0,Percent of adults who engage in no leisure-time physical activity,[25.2]
998.0,Percent of adults who report consuming vegetables less than one time daily,[17.1]
1005.0,Percent of adults who report consuming vegetables less than one time daily,[21.7]
1017.0,Percent of adults who report consuming fruit less than one time daily,[39.8]
1024.0,Percent of adults who engage in no leisure-time physical activity,[17.4]
1025.0,Percent of adults who report consuming vegetables less than one time daily,[28.2]
1027.0,Percent of adults who report consuming fruit less than one time daily,[32.2]
1031.0,Percent of adults who report consuming vegetables less than one time daily,[27.1]
1032.0,Percent of adults who report consuming vegetables less than one time daily,[18.0]
1034.0,Percent of adults who engage in no leisure-time physical activity,[20.5]
1036.0,Percent of adults who report consuming fruit less than one time daily,[31.4]
1039.0,Percent of adults who report consuming fruit less than one time daily,[37.5]
1042.0,Percent of adults aged 18 years and older who have an overweight classification,[36.7]
1042.0,Percent of adults aged 18 years and older who have obesity,[34.4]
1044.0,Percent of adults who report consuming fruit less than one time daily,[38.2]
1048.0,Percent of adults who report consuming vegetables less than one time daily,[25.8]
1057.0,Percent of adults who report consuming fruit less than one time daily,[43.6]
1060.0,Percent of adults aged 18 years and older who have an overweight classification,[38.0]
1060.0,Percent of adults aged 18 years and older who have obesity,[32.0]
1063.0,Percent of adults aged 18 years and older who have an overweight classification,[38.7]
1063.0,Percent of adults aged 18 years and older who have obesity,[31.7]
1069.0,Percent of adults aged 18 years and older who have an overweight classification,[35.5]
1069.0,Percent of adults aged 18 years and older who have obesity,[29.1]
1076.0,Percent of adults aged 18 years and older who have an overweight classification,[26.5]
1076.0,Percent of adults aged 18 years and older who have obesity,[49.7]
1080.0,Percent of adults aged 18 years and older who have an overweight classification,[37.9]
1080.0,Percent of adults aged 18 years and older who have obesity,[29.2]
1083.0,Percent of adults who engage in no leisure-time physical activity,[18.9]
1088.0,Percent of adults who report consuming fruit less than one time daily,[37.9]
1095.0,Percent of adults who engage in no leisure-time physical activity,[18.4]
1097.0,Percent of adults who report consuming vegetables less than one time daily,[27.3]
1113.0,Percent of adults who report consuming fruit less than one time daily,[49.3]
1126.0,Percent of adults aged 18 years and older who have an overweight classification,[35.0]
1126.0,Percent of adults aged 18 years and older who have obesity,[34.5]
1127.0,Percent of adults who report consuming vegetables less than one time daily,[17.3]
1129.0,Percent of adults who engage in no leisure-time physical activity,[20.1]
1130.0,Percent of adults who engage in no leisure-time physical activity,[12.2]
1134.0,Percent of adults who engage in no leisure-time physical activity,[20.7]
1143.0,Percent of adults who report consuming vegetables less than one time daily,[25.1]
1144.0,Percent of adults who report consuming fruit less than one time daily,[39.1]
1149.0,Percent of adults who report consuming vegetables less than one time daily,"[15.0, 21.4]"
1165.0,Percent of adults aged 18 years and older who have an overweight classification,[30.1]
1165.0,Percent of adults aged 18 years and older who have obesity,[41.1]
1167.0,Percent of adults who report consuming fruit less than one time daily,[44.1]
1172.0,Percent of adults aged 18 years and older who have an overweight classification,[38.8]
1172.0,Percent of adults aged 18 years and older who have obesity,[25.6]
1172.0,Percent of adults who engage in no leisure-time physical activity,[35.0]
1177.0,Percent of adults who report consuming fruit less than one time daily,[47.6]
1180.0,Percent of adults who engage in no leisure-time physical activity,[22.3]
1194.0,Percent of adults aged 18 years and older who have an overweight classification,[31.6]
1194.0,Percent of adults aged 18 years and older who have obesity,[42.6]
1194.0,Percent of adults who report consuming fruit less than one time daily,[47.7]
1201.0,Percent of adults who report consuming vegetables less than one time daily,[21.8]
1207.0,Percent of adults who engage in no leisure-time physical activity,[30.2]
1209.0,Percent of adults aged 18 years and older who have an overweight classification,[35.4]
1209.0,Percent of adults aged 18 years and older who have obesity,[34.2]
1229.0,Percent of adults who report consuming vegetables less than one time daily,[18.3]
1233.0,Percent of adults who report consuming fruit less than one time daily,[42.3]
1237.0,Percent of adults who report consuming vegetables less than one time daily,[17.8]
1243.0,Percent of adults who engage in no leisure-time physical activity,[10.4]
1244.0,Percent of adults who report consuming vegetables less than one time daily,[17.0]
1245.0,Percent of adults who engage in no leisure-time physical activity,[37.4]
1255.0,Percent of adults aged 18 years and older who have an overweight classification,[40.9]
1255.0,Percent of adults aged 18 years and older who have obesity,[36.0]
1259.0,Percent of adults aged 18 years and older who have an overweight classification,[37.1]
1259.0,Percent of adults aged 18 years and older who have obesity,[36.9]
1259.0,Percent of adults who engage in no leisure-time physical activity,[20.7]
1269.0,Percent of adults who engage in no leisure-time physical activity,[23.7]
1271.0,Percent of adults who report consuming fruit less than one time daily,[41.4]
1272.0,Percent of adults aged 18 years and older who have an overweight classification,[31.9]
1272.0,Percent of adults aged 18 years and older who have obesity,[35.5]
1277.0,Percent of adults who report consuming fruit less than one time daily,[46.8]
1285.0,Percent of adults who report consuming fruit less than one time daily,[35.5]
1289.0,Percent of adults who engage in no leisure-time physical activity,[27.9]
1302.0,Percent of adults aged 18 years and older who have an overweight classification,[36.3]
1302.0,Percent of adults aged 18 years and older who have obesity,[27.2]
1334.0,Percent of adults who report consuming vegetables less than one time daily,[18.9]
1337.0,Percent of adults aged 18 years and older who have an overweight classification,[31.9]
1337.0,Percent of adults aged 18 years and older who have obesity,[42.8]
1356.0,Percent of adults who report consuming vegetables less than one time daily,[25.2]
1360.0,Percent of adults who report consuming fruit less than one time daily,[42.7]
1362.0,Percent of adults aged 18 years and older who have an overweight classification,[33.0]
1362.0,Percent of adults aged 18 years and older who have obesity,[23.1]
1388.0,Percent of adults who report consuming vegetables less than one time daily,[18.1]
1389.0,Percent of adults who engage in no leisure-time physical activity,[14.8]
1391.0,Percent of adults who engage in no leisure-time physical activity,[18.6]
1393.0,Percent of adults who report consuming vegetables less than one time daily,[19.0]
1397.0,Percent of adults who report consuming vegetables less than one time daily,[22.1]
1407.0,Percent of adults who engage in no leisure-time physical activity,[26.3]
1412.0,Percent of adults who report consuming fruit less than one time daily,[40.5]
1414.0,Percent of adults who report consuming vegetables less than one time daily,[17.4]
1416.0,Percent of adults who report consuming vegetables less than one time daily,[17.6]
1419.0,Percent of adults who report consuming fruit less than one time daily,[48.9]
1424.0,Percent of adults who report consuming fruit less than one time daily,[42.5]
1425.0,Percent of adults who report consuming fruit less than one time daily,[43.8]
1434.0,Percent of adults aged 18 years and older who have an overweight classification,[39.9]
1434.0,Percent of adults aged 18 years and older who have obesity,[31.7]
1443.0,Percent of adults who report consuming vegetables less than one time daily,[26.0]
1449.0,Percent of adults aged 18 years and older who have an overweight classification,[36.0]
1449.0,Percent of adults aged 18 years and older who have obesity,[29.7]
1450.0,Percent of adults aged 18 years and older who have an overweight classification,[40.5]
1450.0,Percent of adults aged 18 years and older who have obesity,[35.8]
1452.0,Percent of adults who report consuming fruit less than one time daily,[43.8]
1469.0,Percent of adults who report consuming vegetables less than one time daily,[30.1]
1475.0,Percent of adults who report consuming vegetables less than one time daily,[17.9]
1479.0,Percent of adults who report consuming vegetables less than one time daily,[18.5]
1487.0,Percent of adults who report consuming vegetables less than one time daily,[16.9]
1491.0,Percent of adults who report consuming fruit less than one time daily,[36.7]
1492.0,Percent of adults who engage in no leisure-time physical activity,[28.4]
1494.0,Percent of adults who report consuming vegetables less than one time daily,[18.7]
1503.0,Percent of adults who report consuming fruit less than one time daily,[38.5]
1505.0,Percent of adults who engage in no leisure-time physical activity,[19.2]
1514.0,Percent of adults aged 18 years and older who have an overweight classification,[35.2]
1514.0,Percent of adults aged 18 years and older who have obesity,[37.1]
1523.0,Percent of adults who report consuming fruit less than one time daily,[38.2]
1524.0,Percent of adults aged 18 years and older who have an overweight classification,[36.9]
1524.0,Percent of adults aged 18 years and older who have obesity,[31.6]
1526.0,Percent of adults who report consuming fruit less than one time daily,[37.8]
1527.0,Percent of adults aged 18 years and older who have an overweight classification,[36.8]
1527.0,Percent of adults aged 18 years and older who have obesity,[34.8]
1528.0,Percent of adults who report consuming fruit less than one time daily,[37.8]
1531.0,Percent of adults who report consuming fruit less than one time daily,[42.5]
1534.0,Percent of adults aged 18 years and older who have an overweight classification,[28.8]
1534.0,Percent of adults aged 18 years and older who have obesity,[39.5]
1536.0,Percent of adults who report consuming fruit less than one time daily,[42.5]
1540.0,Percent of adults who engage in no leisure-time physical activity,[12.4]
1543.0,Percent of adults aged 18 years and older who have an overweight classification,[39.8]
1543.0,Percent of adults aged 18 years and older who have obesity,[28.5]
1548.0,Percent of adults who report consuming vegetables less than one time daily,[17.2]
1551.0,Percent of adults aged 18 years and older who have an overweight classification,[33.2]
1551.0,Percent of adults aged 18 years and older who have obesity,[36.7]
1552.0,Percent of adults who engage in no leisure-time physical activity,[21.4]
1553.0,Percent of adults aged 18 years and older who have an overweight classification,[34.2]
1553.0,Percent of adults aged 18 years and older who have obesity,[34.3]
1555.0,Percent of adults who report consuming vegetables less than one time daily,[15.5]
1557.0,Percent of adults aged 18 years and older who have an overweight classification,[33.4]
1557.0,Percent of adults aged 18 years and older who have obesity,[35.0]
1558.0,Percent of adults who engage in no leisure-time physical activity,[19.9]
1562.0,Percent of adults who report consuming vegetables less than one time daily,[17.6]
1566.0,Percent of adults aged 18 years and older who have an overweight classification,[35.4]
1566.0,Percent of adults aged 18 years and older who have obesity,[33.4]
1566.0,Percent of adults who report consuming fruit less than one time daily,[40.5]
1568.0,Percent of adults who report consuming vegetables less than one time daily,[20.0]
1571.0,Percent of adults who report consuming vegetables less than one time daily,[18.4]
1576.0,Percent of adults aged 18 years and older who have an overweight classification,[34.2]
1576.0,Percent of adults aged 18 years and older who have obesity,[34.1]
1581.0,Percent of adults who report consuming fruit less than one time daily,[33.4]
1590.0,Percent of adults who report consuming fruit less than one time daily,[43.3]
1599.0,Percent of adults aged 18 years and older who have an overweight classification,[36.4]
1599.0,Percent of adults aged 18 years and older who have obesity,[33.0]
1601.0,Percent of adults who engage in no leisure-time physical activity,[23.4]
1607.0,Percent of adults aged 18 years and older who have an overweight classification,[35.6]
1607.0,Percent of adults aged 18 years and older who have obesity,[27.5]
1607.0,Percent of adults who report consuming vegetables less than one time daily,[21.7]
1616.0,Percent of adults aged 18 years and older who have an overweight classification,[35.6]
1616.0,Percent of adults aged 18 years and older who have obesity,[31.8]
1618.0,Percent of adults who report consuming fruit less than one time daily,[38.8]
1624.0,Percent of adults who report consuming fruit less than one time daily,[39.3]
1631.0,Percent of adults who engage in no leisure-time physical activity,[19.4]
1636.0,Percent of adults who report consuming vegetables less than one time daily,[29.6]
1639.0,Percent of adults who report consuming vegetables less than one time daily,[22.9]
1641.0,Percent of adults aged 18 years and older who have an overweight classification,[39.4]
1641.0,Percent of adults aged 18 years and older who have obesity,[30.9]
1642.0,Percent of adults who report consuming fruit less than one time daily,[41.1]
1657.0,Percent of adults who report consuming vegetables less than one time daily,[21.1]
1671.0,Percent of adults who engage in no leisure-time physical activity,[19.8]
1673.0,Percent of adults aged 18 years and older who have an overweight classification,[33.5]
1673.0,Percent of adults aged 18 years and older who have obesity,[34.9]
1674.0,Percent of adults who report consuming fruit less than one time daily,"[47.1, 30.8]"
1692.0,Percent of adults who report consuming fruit less than one time daily,[42.4]
1693.0,Percent of adults aged 18 years and older who have an overweight classification,[37.4]
1693.0,Percent of adults aged 18 years and older who have obesity,[23.9]
1697.0,Percent of adults aged 18 years and older who have an overweight classification,[39.1]
1697.0,Percent of adults aged 18 years and older who have obesity,[35.8]
1701.0,Percent of adults who engage in no leisure-time physical activity,[37.9]
1702.0,Percent of adults who report consuming vegetables less than one time daily,[24.8]
1718.0,Percent of adults who engage in no leisure-time physical activity,[19.1]
1736.0,Percent of adults who engage in no leisure-time physical activity,[30.9]
1739.0,Percent of adults who engage in no leisure-time physical activity,[16.0]
1745.0,Percent of adults who report consuming fruit less than one time daily,[44.4]
1752.0,Percent of adults who engage in no leisure-time physical activity,[21.5]
1753.0,Percent of adults aged 18 years and older who have an overweight classification,[36.3]
1753.0,Percent of adults aged 18 years and older who have obesity,[38.0]
1758.0,Percent of adults who engage in no leisure-time physical activity,[41.3]
1784.0,Percent of adults who report consuming vegetables less than one time daily,[21.7]
1800.0,Percent of adults who engage in no leisure-time physical activity,[14.9]
1803.0,Percent of adults who engage in no leisure-time physical activity,[25.4]
1808.0,Percent of adults who engage in no leisure-time physical activity,[30.3]
1823.0,Percent of adults who engage in no leisure-time physical activity,[25.2]
1826.0,Percent of adults who engage in no leisure-time physical activity,[26.9]
1828.0,Percent of adults aged 18 years and older who have an overweight classification,[37.0]
1828.0,Percent of adults aged 18 years and older who have obesity,[35.1]
1829.0,Percent of adults who report consuming fruit less than one time daily,[40.1]
1833.0,Percent of adults who report consuming vegetables less than one time daily,[23.0]
1840.0,Percent of adults aged 18 years and older who have an overweight classification,[33.5]
1840.0,Percent of adults aged 18 years and older who have obesity,[28.2]
1843.0,Percent of adults who engage in no leisure-time physical activity,[30.8]
1864.0,Percent of adults who engage in no leisure-time physical activity,[17.4]
1877.0,Percent of adults who report consuming fruit less than one time daily,[46.4]
1877.0,Percent of adults who report consuming vegetables less than one time daily,[17.7]
1908.0,Percent of adults who report consuming vegetables less than one time daily,[26.6]
1909.0,Percent of adults who engage in no leisure-time physical activity,[28.2]
1914.0,Percent of adults who report consuming vegetables less than one time daily,[34.4]
1919.0,Percent of adults who report consuming vegetables less than one time daily,[18.5]
1930.0,Percent of adults aged 18 years and older who have an overweight classification,[39.6]
1930.0,Percent of adults aged 18 years and older who have obesity,[35.7]
1930.0,Percent of adults who engage in no leisure-time physical activity,[20.7]
1936.0,Percent of adults who report consuming vegetables less than one time daily,[13.6]
1948.0,Percent of adults who report consuming fruit less than one time daily,[40.9]
1953.0,Percent of adults who engage in no leisure-time physical activity,[25.6]
1957.0,Percent of adults who report consuming fruit less than one time daily,[34.0]
1974.0,Percent of adults who report consuming fruit less than one time daily,[29.9]
1978.0,Percent of adults who report consuming fruit less than one time daily,[45.2]
1984.0,Percent of adults who report consuming fruit less than one time daily,[33.1]
1986.0,Percent of adults aged 18 years and older who have an overweight classification,[34.7]
1986.0,Percent of adults aged 18 years and older who have obesity,[32.7]
1998.0,Percent of adults aged 18 years and older who have an overweight classification,[35.9]
1998.0,Percent of adults aged 18 years and older who have obesity,[28.5]
2011.0,Percent of adults who engage in no leisure-time physical activity,[25.7]
2031.0,Percent of adults aged 18 years and older who have an overweight classification,[38.2]
2031.0,Percent of adults aged 18 years and older who have obesity,[26.6]
2062.0,Percent of adults aged 18 years and older who have an overweight classification,[35.4]
2062.0,Percent of adults aged 18 years and older who have obesity,[32.6]
2066.0,Percent of adults who engage in no leisure-time physical activity,[23.4]
2067.0,Percent of adults aged 18 years and older who have an overweight classification,[34.5]
2067.0,Percent of adults aged 18 years and older who have obesity,[38.7]
2178.0,Percent of adults who engage in no leisure-time physical activity,[10.8]
2210.0,Percent of adults who engage in no leisure-time physical activity,[26.4]
2215.0,Percent of adults who report consuming vegetables less than one time daily,[18.1]
2237.0,Percent of adults who engage in no leisure-time physical activity,[28.1]
2277.0,Percent of adults who engage in no leisure-time physical activity,[26.3]
2278.0,Percent of adults who report consuming fruit less than one time daily,[41.9]
2294.0,Percent of adults who engage in no leisure-time physical activity,[19.5]
2308.0,Percent of adults who report consuming vegetables less than one time daily,[18.3]
2332.0,Percent of adults who engage in no leisure-time physical activity,[29.8]
2334.0,Percent of adults aged 18 years and older who have an overweight classification,[35.0]
2334.0,Percent of adults aged 18 years and older who have obesity,[27.8]
2356.0,Percent of adults who report consuming vegetables less than one time daily,[22.3]
2358.0,Percent of adults who report consuming vegetables less than one time daily,[15.0]
2371.0,Percent of adults who report consuming vegetables less than one time daily,[16.1]
2375.0,Percent of adults who report consuming vegetables less than one time daily,[19.1]
2380.0,Percent of adults aged 18 years and older who have an overweight classification,[29.6]
2380.0,Percent of adults aged 18 years and older who have obesity,[34.9]
2389.0,Percent of adults who report consuming fruit less than one time daily,[40.4]
2404.0,Percent of adults who report consuming fruit less than one time daily,[34.9]
2448.0,Percent of adults who report consuming fruit less than one time daily,[32.5]
2450.0,Percent of adults aged 18 years and older who have an overweight classification,[36.9]
2450.0,Percent of adults aged 18 years and older who have obesity,[22.9]
2454.0,Percent of adults who report consuming fruit less than one time daily,[44.3]
2467.0,Percent of adults who report consuming fruit less than one time daily,[43.1]
2477.0,Percent of adults who report consuming vegetables less than one time daily,[18.4]
2494.0,Percent of adults aged 18 years and older who have an overweight classification,[27.7]
2494.0,Percent of adults aged 18 years and older who have obesity,[41.6]
2503.0,Percent of adults who report consuming fruit less than one time daily,[44.8]
2567.0,Percent of adults aged 18 years and older who have an overweight classification,[40.3]
2567.0,Percent of adults aged 18 years and older who have obesity,[22.9]
2567.0,Percent of adults who report consuming vegetables less than one time daily,[19.4]
2584.0,Percent of adults who engage in no leisure-time physical activity,[17.3]
2600.0,Percent of adults aged 18 years and older who have an overweight classification,[35.2]
2600.0,Percent of adults aged 18 years and older who have obesity,[33.4]
2632.0,Percent of adults aged 18 years and older who have an overweight classification,[38.0]
2632.0,Percent of adults aged 18 years and older who have obesity,[32.3]
2687.0,Percent of adults who report consuming fruit less than one time daily,[46.4]
2689.0,Percent of adults who engage in no leisure-time physical activity,[22.3]
2715.0,Percent of adults aged 18 years and older who have an overweight classification,[28.9]
2715.0,Percent of adults aged 18 years and older who have obesity,[38.6]
2752.0,Percent of adults who engage in no leisure-time physical activity,[35.7]
2769.0,Percent of adults who report consuming vegetables less than one time daily,[12.3]
2792.0,Percent of adults who engage in no leisure-time physical activity,[18.5]
2800.0,Percent of adults who engage in no leisure-time physical activity,[13.3]
2805.0,Percent of adults who report consuming vegetables less than one time daily,[17.3]
2808.0,Percent of adults who report consuming fruit less than one time daily,[32.5]
2815.0,Percent of adults who report consuming vegetables less than one time daily,[14.6]
2831.0,Percent of adults who engage in no leisure-time physical activity,[21.4]
2850.0,Percent of adults who report consuming fruit less than one time daily,[36.5]
2854.0,Percent of adults who report consuming fruit less than one time daily,[49.6]
2866.0,Percent of adults aged 18 years and older who have an overweight classification,[35.2]
2866.0,Percent of adults aged 18 years and older who have obesity,[19.6]
2884.0,Percent of adults who engage in no leisure-time physical activity,[40.0]
2888.0,Percent of adults aged 18 years and older who have an overweight classification,[33.3]
2888.0,Percent of adults aged 18 years and older who have obesity,[36.8]
2909.0,Percent of adults aged 18 years and older who have an overweight classification,[34.5]
2909.0,Percent of adults aged 18 years and older who have obesity,[26.3]
2964.0,Percent of adults who report consuming vegetables less than one time daily,[19.3]
2979.0,Percent of adults aged 18 years and older who have an overweight classification,[29.3]
2979.0,Percent of adults aged 18 years and older who have obesity,[28.7]
3017.0,Percent of adults who report consuming fruit less than one time daily,[33.5]
3018.0,Percent of adults who report consuming vegetables less than one time daily,[25.8]
3049.0,Percent of adults who report consuming vegetables less than one time daily,[17.7]
3065.0,Percent of adults who engage in no leisure-time physical activity,[9.1]
3069.0,Percent of adults who engage in no leisure-time physical activity,[16.2]
3069.0,Percent of adults who report consuming fruit less than one time daily,[39.1]
3080.0,Percent of adults who engage in no leisure-time physical activity,[31.0]
3110.0,Percent of adults who report consuming fruit less than one time daily,[43.0]
3119.0,Percent of adults who engage in no leisure-time physical activity,[32.9]
3169.0,Percent of adults aged 18 years and older who have an overweight classification,[43.2]
3169.0,Percent of adults aged 18 years and older who have obesity,[26.5]
3185.0,Percent of adults aged 18 years and older who have an overweight classification,[36.7]
3185.0,Percent of adults aged 18 years and older who have obesity,[33.6]
3189.0,Percent of adults who report consuming vegetables less than one time daily,[23.9]
3295.0,Percent of adults who report consuming fruit less than one time daily,[38.5]
3325.0,Percent of adults who report consuming vegetables less than one time daily,[19.6]
3335.0,Percent of adults who engage in no leisure-time physical activity,[22.0]
3362.0,Percent of adults who report consuming vegetables less than one time daily,[16.4]
3365.0,Percent of adults who report consuming vegetables less than one time daily,[17.0]
3388.0,Percent of adults who report consuming fruit less than one time daily,[41.0]
3391.0,Percent of adults aged 18 years and older who have an overweight classification,[37.8]
3391.0,Percent of adults aged 18 years and older who have obesity,[27.4]
3398.0,Percent of adults who engage in no leisure-time physical activity,[18.1]
3421.0,Percent of adults who report consuming vegetables less than one time daily,[12.3]
3438.0,Percent of adults aged 18 years and older who have an overweight classification,[36.4]
3438.0,Percent of adults aged 18 years and older who have obesity,[26.5]
3447.0,Percent of adults who engage in no leisure-time physical activity,[22.6]
3459.0,Percent of adults who report consuming fruit less than one time daily,[40.2]
3478.0,Percent of adults who report consuming vegetables less than one time daily,[19.9]
3487.0,Percent of adults aged 18 years and older who have an overweight classification,[28.7]
3487.0,Percent of adults aged 18 years and older who have obesity,[30.7]
3490.0,Percent of adults aged 18 years and older who have an overweight classification,[36.0]
3490.0,Percent of adults aged 18 years and older who have obesity,[23.5]
3508.0,Percent of adults who report consuming fruit less than one time daily,[34.2]
3526.0,Percent of adults who report consuming vegetables less than one time daily,[18.2]
3534.0,Percent of adults who report consuming fruit less than one time daily,[31.6]
3551.0,Percent of adults who report consuming vegetables less than one time daily,[17.5]
3559.0,Percent of adults aged 18 years and older who have an overweight classification,[36.2]
3559.0,Percent of adults aged 18 years and older who have obesity,[31.4]
3563.0,Percent of adults who report consuming fruit less than one time daily,[34.8]
3587.0,Percent of adults aged 18 years and older who have an overweight classification,[41.8]
3587.0,Percent of adults aged 18 years and older who have obesity,[30.1]
3634.0,Percent of adults aged 18 years and older who have an overweight classification,[38.5]
3634.0,Percent of adults aged 18 years and older who have obesity,[28.3]
3647.0,Percent of adults who report consuming fruit less than one time daily,[47.8]
3700.0,Percent of adults who report consuming fruit less than one time daily,[33.8]
3794.0,Percent of adults who report consuming vegetables less than one time daily,[15.3]
3811.0,Percent of adults aged 18 years and older who have an overweight classification,[33.0]
3811.0,Percent of adults aged 18 years and older who have obesity,[37.6]
3830.0,Percent of adults who engage in no leisure-time physical activity,[18.2]
3830.0,Percent of adults who report consuming vegetables less than one time daily,[15.3]
3859.0,Percent of adults who report consuming fruit less than one time daily,[37.3]
3870.0,Percent of adults aged 18 years and older who have an overweight classification,[36.8]
3870.0,Percent of adults aged 18 years and older who have obesity,[25.5]
3942.0,Percent of adults who report consuming fruit less than one time daily,[35.8]
3958.0,Percent of adults aged 18 years and older who have an overweight classification,[35.7]
3958.0,Percent of adults aged 18 years and older who have obesity,[22.0]
3967.0,Percent of adults who engage in no leisure-time physical activity,[27.4]
3970.0,Percent of adults who engage in no leisure-time physical activity,[19.2]
3999.0,Percent of adults who engage in no leisure-time physical activity,[19.3]
4079.0,Percent of adults who engage in no leisure-time physical activity,[12.0]
4116.0,Percent of adults who report consuming vegetables less than one time daily,[20.6]
4177.0,Percent of adults who report consuming fruit less than one time daily,[45.9]
4217.0,Percent of adults who engage in no leisure-time physical activity,[13.2]
4234.0,Percent of adults who engage in no leisure-time physical activity,[29.8]
4247.0,Percent of adults aged 18 years and older who have an overweight classification,[31.9]
4247.0,Percent of adults aged 18 years and older who have obesity,[39.9]
4327.0,Percent of adults who engage in no leisure-time physical activity,[26.3]
4344.0,Percent of adults aged 18 years and older who have an overweight classification,[29.9]
4344.0,Percent of adults aged 18 years and older who have obesity,[25.8]
4348.0,Percent of adults who engage in no leisure-time physical activity,[18.7]
4355.0,Percent of adults who report consuming vegetables less than one time daily,[24.5]
4361.0,Percent of adults who report consuming vegetables less than one time daily,[15.5]
4396.0,Percent of adults who report consuming vegetables less than one time daily,[12.2]
4400.0,Percent of adults who report consuming vegetables less than one time daily,[21.1]
4483.0,Percent of adults who report consuming fruit less than one time daily,[45.5]
4499.0,Percent of adults who report consuming fruit less than one time daily,[32.4]
4505.0,Percent of adults who report consuming fruit less than one time daily,[35.3]
4542.0,Percent of adults who report consuming vegetables less than one time daily,[22.0]
4552.0,Percent of adults aged 18 years and older who have an overweight classification,[36.8]
4552.0,Percent of adults aged 18 years and older who have obesity,[20.5]
4564.0,Percent of adults who report consuming fruit less than one time daily,[46.4]
4578.0,Percent of adults who engage in no leisure-time physical activity,[31.5]
4635.0,Percent of adults who report consuming fruit less than one time daily,[41.3]
4683.0,Percent of adults who report consuming vegetables less than one time daily,[18.7]
4704.0,Percent of adults who engage in no leisure-time physical activity,[13.3]
4755.0,Percent of adults aged 18 years and older who have an overweight classification,[41.4]
4755.0,Percent of adults aged 18 years and older who have obesity,[31.1]
4782.0,Percent of adults aged 18 years and older who have an overweight classification,[31.7]
4782.0,Percent of adults aged 18 years and older who have obesity,[38.7]
4843.0,Percent of adults who report consuming fruit less than one time daily,[42.4]
4924.0,Percent of adults aged 18 years and older who have an overweight classification,[31.4]
4924.0,Percent of adults aged 18 years and older who have obesity,[31.6]
4932.0,Percent of adults who report consuming vegetables less than one time daily,[16.2]
4957.0,Percent of adults who report consuming vegetables less than one time daily,[19.0]
4960.0,Percent of adults aged 18 years and older who have an overweight classification,[40.6]
4960.0,Percent of adults aged 18 years and older who have obesity,[24.5]
5012.0,Percent of adults aged 18 years and older who have an overweight classification,[34.1]
5012.0,Percent of adults aged 18 years and older who have obesity,[33.5]
5012.0,Percent of adults who engage in no leisure-time physical activity,[7.4]
5017.0,Percent of adults who engage in no leisure-time physical activity,[19.4]
5056.0,Percent of adults who report consuming fruit less than one time daily,[37.8]
5113.0,Percent of adults who report consuming fruit less than one time daily,[35.7]
5118.0,Percent of adults who engage in no leisure-time physical activity,[19.0]
5161.0,Percent of adults aged 18 years and older who have an overweight classification,[35.6]
5161.0,Percent of adults aged 18 years and older who have obesity,[28.8]
5334.0,Percent of adults who engage in no leisure-time physical activity,[14.3]
5356.0,Percent of adults who engage in no leisure-time physical activity,[30.6]
5481.0,Percent of adults who engage in no leisure-time physical activity,[20.3]
5620.0,Percent of adults who engage in no leisure-time physical activity,[25.9]
5949.0,Percent of adults who engage in no leisure-time physical activity,[18.4]
5982.0,Percent of adults who report consuming vegetables less than one time daily,[22.5]
6086.0,Percent of adults who report consuming fruit less than one time daily,[36.2]
6148.0,Percent of adults aged 18 years and older who have an overweight classification,[36.4]
6148.0,Percent of adults aged 18 years and older who have obesity,[27.6]
6369.0,Percent of adults who report consuming vegetables less than one time daily,[15.2]
6426.0,Percent of adults who report consuming vegetables less than one time daily,[17.9]
6513.0,Percent of adults who report consuming fruit less than one time daily,[38.2]
6552.0,Percent of adults who report consuming fruit less than one time daily,[41.4]
6674.0,Percent of adults aged 18 years and older who have an overweight classification,[35.8]
6674.0,Percent of adults aged 18 years and older who have obesity,[28.2]
6691.0,Percent of adults aged 18 years and older who have an overweight classification,[35.0]
6691.0,Percent of adults aged 18 years and older who have obesity,[23.7]
6733.0,Percent of adults who engage in no leisure-time physical activity,[20.1]
6740.0,Percent of adults who report consuming vegetables less than one time daily,[20.5]
6995.0,Percent of adults who report consuming fruit less than one time daily,[36.0]
7074.0,Percent of adults aged 18 years and older who have an overweight classification,[35.3]
7074.0,Percent of adults aged 18 years and older who have obesity,[30.4]
7222.0,Percent of adults who engage in no leisure-time physical activity,[19.7]
7323.0,Percent of adults who engage in no leisure-time physical activity,[13.4]
8326.0,Percent of adults who engage in no leisure-time physical activity,[22.9]
8903.0,Percent of adults who report consuming vegetables less than one time daily,[18.8]
9140.0,Percent of adults who report consuming fruit less than one time daily,[38.3]
9304.0,Percent of adults aged 18 years and older who have an overweight classification,[35.5]
9304.0,Percent of adults aged 18 years and older who have obesity,[25.1]
9312.0,Percent of adults who report consuming vegetables less than one time daily,[21.7]
9539.0,Percent of adults who report consuming fruit less than one time daily,[41.6]
9679.0,Percent of adults aged 18 years and older who have an overweight classification,[36.6]
9679.0,Percent of adults aged 18 years and older who have obesity,[31.3]
10452.0,Percent of adults who engage in no leisure-time physical activity,[16.7]
10637.0,Percent of adults who engage in no leisure-time physical activity,[22.7]
