comfort_food;comfort_food_reasons;weight;eating_changes;diet_current;healthy_meal;ideal_diet
none;we dont have comfort ;187;eat faster ;eat good and exercise;looks not oily ;being healthy 
chocolate, chips, ice cream;Stress, bored, anger;155;I eat out more than usual. ;I eat about three times a day with some snacks. I try to eat healthy but it doesn't always work out that- sometimes eat fast food and mainly eat at Laker/ Egan ;Grains, Veggies, (more of grains and veggies), small protein and fruit with dairy ;Try to eat 5-6 small meals a day. While trying to properly distribute carbs, protein, fruits, veggies, and dairy.  
frozen yogurt, pizza, fast food;stress, sadness;I'm not answering this. ;sometimes choosing to eat fast food instead of cooking simply for convenience;toast and fruit for breakfast, salad for lunch, usually grilled chicken and veggies (or some variation) for dinner;"usually includes natural ingredients; nonprocessed food";i would say my ideal diet is my current diet
Pizza, Mac and cheese, ice cream;Boredom;Not sure, 240;Accepting cheap and premade/store bought foods;College diet, cheap and easy foods most nights. Weekends traditionally, cook better homemade meals  ;Fresh fruits& vegetables, organic meats ;Healthy, fresh veggies/fruits & organic foods 
Ice cream, chocolate, chips ;Stress, boredom, cravings ;190;I have eaten generally the same foods but I do find myself eating the same food frequently due to what I have found I like from egan and the laker. ;I try to eat healthy but often struggle because of living on campus. I still try to keep the choices I do make balanced with fruits and vegetables and limit the sweats. ;A lean protein such as grilled chicken, green vegetables and  brown rice or other whole grain ;Ideally I would like to be able to eat healthier foods in order to loose weight. 
Candy, brownies and soda.;None, i don't eat comfort food. I just eat when i'm hungry.;190;Eating rice everyday. Eating less homemade food.;My current diet is terrible. I barely have time to eat a meal in a day. When i do eat it's mostly not healthy.;Requires veggies, fruits and a cooked meal. ;My ideal diet is to eat 3 times a day including breakfast on time. Eat healthy food. 
Chocolate, ice cream, french fries, pretzels;stress, boredom;180;I started eating a lot less and healthier because I wasn't playing sports year round anymore.;I eat a lot of chicken and broccoli for dinner, and usually tuna sandwiches for lunch.;Protein, vegetables, fruit, and some carbs;I would ideally like to eat more fresh fruits and vegetables. However, its difficult to get to the store all the time to buy fresh.
Ice cream, cheeseburgers, chips.;I eat comfort food when im stressed out from school(finals week), when I`m sad, or when i am dealing with personal family issues.;137;Freshmen year i ate very unhealthy, but now it is much healthier because of self control.;I eat a very healthy diet. Ocassionally, i will eat out and get unhealthy food.;A healthy meal has a piece of meat followed by a lot of fruit and veggies;My ideal diet is filled with a lot of fruit and chicken. I also really enjoy eggs any type of way with toast.
Donuts, ice cream, chips;Boredom ;180;I snack less;I eat whatever I want in moderation.;Colorful;The same as it is now.
Mac and cheese, chocolate, and pasta ;Stress, anger and sadness ;125;I cook a lot of my own foods back at home so not being able to cook my own healthy choices. I eat more carbs than normal when I'm at college due to the choices given in the cafe. ;I eat healthy all the time when possible. I treat myself occasionally. I don't really like the greasy meals, if anything I would eat sweets over the greasy meals.  ;Chicken and rice with a side of veggies. ;Lots of protein, carbs, and fruits and veggies. 
Pasta, grandma homemade chocolate cake anything homemade ;Boredom ;116;Nun ;i eat very healthy. Maybe eat out 1-2 times a week.;Chicken, and veggies ;Chicken, fish 
chocolate, pasta, soup, chips, popcorn;sadness, stress, cold weather;110;Less meat. ;I am very health concious. I eat many fruits, veggies, and protiens. ;lean protein, veggies, fruit, complex carbs;More healthy varienty. 
Cookies, popcorn, and chips;Sadness, boredom, late night snack ;264;I have been eating a lot more salads and soups.;I focus mostly on proteins and fruits. I eat a lot less vegetables and a few carbohydrates.;A salad with a reasonable amount of dressing and a meat.;My ideal diet would be the proper portions of all food categories. I would also like to eat proteins around my workouts and avoid all deserts.
ice cream, cake, chocolate;stress,  boredom, special occasions;123;not as healthy because healthy food goes bad quickly and it is expensive;Not as healthy when I am at school compared to home. Still very aware of the nutrition I am taking in.;Lots of vegetabls with some grains like rice. Also has lean meat such as fish or chicken.;organic/healthy. fruits and vegetables but still protein to give sustainance. 
Pizza, fruit, spaghetti, chicken and Potatoes  ;Friends, environment and boredom;185;I knew I would eat alot my freshmen year, before coming to college i had a diet plan. ;Making sure I have enough protein intake, as well with fibre, vitamins and carbs. ;Green and not greasy;Eat a little less than I usually do, and intaking more protein. 
cookies, donuts, candy bars;boredom;180;none;I like a lot of foods that arent home cooked or healthy for you.;chicken, veggies, rice;I wish I ate lots of healthy foods like veggies and salads. 
Saltfish, Candy and Kit Kat ;Stress ;145;More Water ;I eat very healthy ;Not too much carbs, a lot of protein, healthy fats and fruits and vegs ;Vegetables and Fruits with Meat 
chips, cookies, ice cream;I usually only eat comfort food when I'm bored, if i am doing something, i can go for hours without eating ;170;I would say i just eat a little more, but not in a bad way. I have unlimited swipes at the cafe so instead of snacking on chips before lunch or dinner i will get something from the cafe.;My current diet is eggs and a meat every morning for breakfast. For lunch ill usually have some pasta or rice with a meat and sometimes a side of veggies. for dinner i usually eat less carbs and more protein and veggies. ;for me usually a big piece of chicken or steak with a side of veggies, and i usually have rice with mine as well;I like how my diet it now. However, after my season i am going to cut back on some carbs because i won't be working out as much.
Chocolate, ice crea ;Sadness, stress;135;I ate at the food hall.;I eat lots of fruit and veggies. I eat lots of chicken.;Everything from food group ;Lots of fruit and veggies. Lots of chicken.
pizza, wings, Chinese;boredom, sadness, hungry;165;None really;Current diet right now isn't very good. I eat at the school's cafeteria and they do not have the best choices.;lots of fruits and vegitibles, not any fried foods;Something that tastes good and also is good for you. This is very hard to find though.
Fast food, pizza, subs;happiness, satisfaction;175;Late night food;I eat 2 meals a day, lunch and dinner;Rice, Meat, vegetable;3 smaller meals a day
chocolate, sweets, ice cream;Mostly boredom;195;Less money, less food :(;Random. Not strict diet, changes during season;Green and colourful;Mix of Mexican, Asian, and Italian foods.
burgers, chips, cookies;sadness, depression ;185;got worse ;balanced ;pasta. veg, water ;fruit, veg and protien 
Chilli, soup, pot pie;Stress and boredom ;185;Drink coffee all the time. ;2 meals a day. Rarely eat snacks. Fairly balanced diet. ;Protein, vegetables, grains ;3 healthy meals a day. No caffiene. 
Soup, pasta, brownies, cake;A long day, not feeling well, winter ;105;"I watch the amount of ""snacks"" I eat more than I did in high school.";I eat a lot of chicken and try to cook my own meals as much as possible using a lot of rice and vegetables.;A healthy meal is a lean meat with mostly vegetables and a starch like brown rice or quinoa.;I would like to be a person to eat a larger vegetable based diet with little to no processed products in my diet especially sugar and salt.
chocolate, ice cream/milkshake, cookies;boredom;125;none, I have dormed since high school;vegetarian, eat breakfast some days before class, can eat a lot of junk food so I refrain from allowing myself to buy any;good portions, lots of color, targets main food groups;healthy, colorful, tasty, room for desserts
Chips, ice cream, microwaveable foods ;Boredom, lazyniss ;160;Tend to eat more fried foods ;Most healthy diet, but since I'm an athlete have room for some bad foods to burn off quickly ;A rice, a vegetable, a piece of meat ;Very healthy diet, and to cook at home with organic foods. 
Chicken fingers, pizza ;Boredom ;175;A lot healthier ;Very healthy. Good balance of proteins and vegetables ;Salad, vegetable, carb, protein ;My current diet
cookies, hot chocolate, beef jerky;survival, bored;180;Too much beef jerky;Whats necessary for survival.  ;Protein, vegetable and grains;Steak and Burgers
Tomato soup, pizza, Fritos, Meatball sub, Dr. Pepper;Boredom, anger, drunkeness;167;Eating less vegetables because they are less available to me. ;anything and everything;Grilled chicken, mac and cheese, broccoli, apple, milk;Heavy in protein, fruits, and vegetables. 
cookies, mac-n-cheese, brownies, french fries, ;stress, boredom, cold weather;115;I drink way more coffee and I dont eat at home as often.;I eat some vegetables almost everyday and fruit a couple of times a week. I eat meat a few times a week. I dont eat fast food and try to limit fried food.;whole grain carbs, vegetables, a small amount of protein;I would eat enough fruits and vegetables everyday. I would have home cooked food at least 5 days a week. I wouldnt like sugar so much.
chips and dip, pepsi, ;stres, boredom, and nighttime;205;none;Diet consists of 3000-4000 calories a day well rounded from meats, vegetables, and fruit.;4-6 ounces chicken or fish, side of potatoes, and green beans;diet of 1500-2000 calories of white meat, vegetables, and fruit that are all fresh and not processed
Grandma's Chinese, Peruvian food from back home, and sushi;Hunger and Boredom ;;I eat more junk food now.;Not that balanced, but I try not to eat fatty or fried foods.;Plenty of greens and lean proteins;Plenty of protein, carbs from vegetables and fruits, and healthy fats.
Ice cream, cookies,  Chinese food, and chicken nuggets ;boredom, sadness, and if it has a good taste. ;128;I eat more junk food;I eat a a lot of carbs from pizza and pasta. I also eat a lot of cookies. ;A balance of vegetables and cooked lean meat.;my ideal diet would be more fruits and vegetables. Also less desserts. 
french fries, chips, ice cream;boredom, stressed, sad;150;poor;egan dining;a lot of greens;healthy and protien
mac n cheese, peanut butter and banana sandwich, omelet;Boredom usually;150;My diet is more limited just because of what I have time to make;A lot of rice and veggies, eggs for breakfast, chicken is usually the only kind of meat I eat.;Some kind of protein, a vegetable, and a grain;Pretty much what I eat now
pizza, doughnuts, mcdonalds ;boredom;150;I do not snack as often at school. I find that I'm always busy so sometimes I don't have a lot of time to eat. ;I eat out more often then not. I try to make sure when I eat out it isn't fast food, but instead something healthy like Panera. ;a meal with a meat, vegetable, grain, and fruit ;I wish I had the time and energy to cook more at home on my own. 
chocolate, chips, candy;Stress;170;I do not eat as many home cooked meals.;I do not get to eat as well as I did.  I wish I ate better, but in college it is hard because of money.;A protein, starch, veg, and a healthier dessert. ;I would like to get all of the food groups in each day.  
chocolate, popcorn, ice cream;boredom, stress;150;I have eaten bigger meals.;I eat three meals per day usually. I eat a lot of sandwiches and fruit.;a lean protein plus the addition of 2-3 fruits and vegetables;My ideal diet would be eating multiple fruits and vegetables at each meal. Also I would only eat lean protein if possible.
CandyPopChocolate Chipotle Moe's ;No reasons ;175;I eat more ;Unhealthy foods from the cafe ;Chicken breast with veggies ;Red and white meats, potatoes, green beans 
Pizza, Ice cream, fries, cereal, cookies  ;Usually if I'm sad or depressed. ;140;I eat pretty much the same as I use too. I do have more sweets now though. ;I will eat a full bleakest every morning consisting of eggs, potatoes, and a type of meat with juice. I will have a sandwich or something light for lunch. For dinner I will have meat and vegetables of some sort.  ;A meal with all of the food groups. ;Idealy I would have basically the same breakfast as I do now just with more fruits. For lunch I would have more vegetables and fruits. For dinner I would have the same.   
Ice cream, chocolate, twizzlers ;Tired ;120;I do not make my own food very much;I eat food ;a salad with chicken and 2 tablespoons of salad dressing ;I to eat enough food to sustain me throughout the entire day 
ice cream, cookie dough, cookies, cheese;Boredom!, sadness;135;I do not make my own food;Light breakfast, yogurt or grandola bar. No luch but (healthy) snacks throughout this time period until dinner. Full dinner with meat, vegetables and fruit.;Grilled chicken, side salad, rice and broccoli and cranberries;Same as above but with a more concrete lunch. Cut down on excessive snacking. 
ice cream, cereal, and salt and vinegar chips ;"All of the above; sadness, boredom and confusion ";100;Now I prepare my own meals, pack my lunch every day and avoid eating out to save money as much as possible.;It needs some re-structuring. Mostly, I eat well but I would like to improve on my water, fruit and veggie consumption. ;It is probably more on the green side and there is less fryed or overly seasoned food. There would be more organic foods rather than processed foods. ;My ideal diet involves organic foods, more nuts, fruits, veggies and water and a complete absence of processed foods, genetically enhanced foods or fast foods. My ideal diet would be one that involves foods that are grown by me or close to me and one that is essentially best for my health.
Potato chips, ice cream, chocolate, cookies;Stress, boredom, craving;170;I haven't changed much. If anything, I have become more disciplined. ;I am on a very balanced diet, eating 4-5 small meals a day filled with fruits, vegetables, lean meat, and good carbs. ;Mostly green!;"My ideal diet would be to be a vegetarian; however, considering my highly active lifestyle island strength requirement I need as much ""real"" protein I can get. "
Mac and cheese, fried chicken, cornbread ;Hunger, boredom;113;I eat smaller portions more often;Healthy, includes many fruits and vegetables. Probably too many carbs. ;Colorful ;The same as my current diet, maybe less carbs. 
popcorn, chips, candy, & fries ;sadness, boredom, & anger ;168;Eating more pizza and burgers or fast food.  ;At school I eat a lot of pizza or burgers with fries. Occasionally I try to have a salad or a fruit juice with this. I also try to eat more of a home cooked meal with vegetables.;A meal that you have cooked yourself without a lot of grease or fat in it.  ;More of a home cooked meal that is not very greasy. Also includes more fruits and vegetables. 
Chex-mix, Wegmans cookies, Cheez-Its ;Boredom, happiness, distraught ;145;Cereal became an anytime of day food;lots of pasta and carbs along with lean meats. Also at time some soda and junk food;good balance between meats, grains, fruits, vegetables, carbs, and dairy products ;To cut out the junk food and eat more meat and less pasta. Also eat more fruits and vegetables  
pizza, ice cream, chips;stressed, upset, or just craving a cheat meal;155;Transitioning from home-cooked meals to cafeteria food;My current diet consists of cafeteria food, which isn't necessarily ideal. I try to eat as healthy as possible but I find myself turning to unhealthy food more often than healthy.;one that is well balanced and consists on main food groups;One that consists of a lot of mean and also fruits and vegetables. Drink a lot of water as well.
fried chicken. mashed potatoes, mac and cheese;They taste better than other food. They are a pickme up. They are easy to make;150;I definitely eat less veggies. ;I eat alot carbs. Protein (meat) is beautiful.;lots of green and color.;I would eat more veggies with a equal balance of carbs and protein. More international flavors would be great.
Popcorn, Chex Mix, Pizza;Stress, boredom;169;I have started eating a lot healthier.;Healthier than most but not 100% clean.;Balance of veggies, white meat, fruits, and grains.;No artificial sugars, only natural foods.
Burger;Lazy;185;Mediocre ;Great ;Chicken ;Organic 
Pizza, chocolate, and ice cream ;Boredom, sadness and anger ;200;I eat very bad on the weekends. ;My diet is mostly chicken rice and veggies. I mix in fruit between workouts and snacks like power bars and what not. ;Low carbs and high protein ;One that maintains my goal weight. But also produces enough daily energy. 
fries, chips, fried chicken, pizza, grapes;Boredom, sadness;265;;65 and out;Grilled, natural ingredients, and no carbonated beverages;Blend of instant gratification and healthy choices sourced sustainably
peanut butter sandwich, pretzals, garlic bread;stress, anger and boredom;165;I eat a lot more healthier;Very healthy and clean. A lot of protein and vegetables;High protein and vegetables;Clean diet. High protein intake.
chips, dip, fries, pizza;bored, stress;192;when i eat has changed alot. I have to eat at a certain time everyday or the dining hall wont have food.;What ever the dinning hall is serving. When i am hungry i look for something filling more then healthy. ;the different colors of the rain bow. protein, fruit, veggies;My ideal diet is to eat less fast food in a week. Also to add something healthy like salad  to every meal or to have a salad for a meal. 
Pizza, Ice Cream, Chicken Wings;I usually only eat comfort foods when I am bored. I will also eat them when I am happy to celebrate and then when I am sad to comfort me.;175;I have begun to eat more fruits and vegetables because I have been more aware of my physique.;I usually eat very healthy. I incorporate fresh fruits and vegetables into every meal.;Low protein and carbs and high in vegetables and fruits.;My ideal diet is to cut back on my meat intake and substitute it for other protein sources such as fish or tuna.
Pizza chocolate chips bagels ice Capps ;Just cause ;140;Really paid more attention to what I eat cause it is easy to gain ;I eat very heathy on a daily basis ;Chicken and broccoli ;Fruits and vegetables, wheat bread, peanut butter, protein bars, protein shakes 
Chocolate, ice cream, pasta;Stress, boredom, sadness;155;More easy meals like pasta.;For breakfast I have oatmeal. For lunch I have a sandwich and fruit. For dinner I usually have a piece of meat, rice or pasta, and a vegetable. ;Fruit, vegetables, and protien;Ideally my diet would be similar to what I eat now. If I wasn't on a college budget I could spend more money on nicer meat and vegetables which would make my meals a lot better.
Mac n Cheese. Chips and salsa. Ice cream. ;Boredom. Celebration. ;155;More snacking ;Simple breakfast of cereal or yogurt. Lunch is something like a deli meat sandwich. Dinner is a full meal. Veggies meat and starch. ;Proper serving sizes of almost anything ;Less cheese than I eat. 
peanut butter, dessets, pretzels. ;Sadness, boredom, lonely.;135;At first I ate less but now that I'm in season playing a sport I eat more.;My diet consists of fruits, vegetables, grains, dairy, and proteins.;Half the plate fruit and vegetables. Other half grains and protein. Then a little dairy. ;The way I eat now I think is pretty good.
Macaroons, truffles, peanut butter n chocolate ice cream;"I do not really eat ""comfort food"" but I guess sadness, special occasions, and anxiety ";118;I have gotten healthier with my eating habits. As a result my parents starting eating healthier too, even though I do not live with them.;My diet is pretty healthy and consists of chicken, turcky, and veggies. I rarely eat unhealthy food or fast food.;chicken, veggies, fruit, water ;My ideal diet would be to add more fruits and veggies. Also, to go to the gym more but school gets in the way. 
ice cream, cookies, ice cream;boredom, sadness;210;As an athlete it is important to fuel my body with important foods only.;I try to eat as healthy as possible. 3 meals a day that are well-balanced.;high protein, low fat, low carbs and sugar;High protein, low fat
carrots and ranch, pretzels, dark chocolate ;sadness;180;;High in protein, fruits, and veggies. Low in fats.;high protein, fruit, veggies, low carbs and fat;My ideal diet is my diet. 
cookies, nutella, ice cream, coffee, fruit ;Bordem, happiness, sadness;140;I ate more junk food, but also more fruit. ;I eat fruit and vetagables with every meal. I only drink water, no soda. I tend to stay away from greasy food. ;Meal prep'd foods with food from each section on the food pyramid. ;I want to eliminate all the junk food I ate. Besides that, I want to keep my diet the same. 
mac and cheese;boredom;112;I snack more, having fewer full meals;I don't follow a diet, I eat whatever I want;vegtables;No, diet
Chocolate, Popcorn, Icecream;sadness;125;I eat more fried food, such as french fries.;My current diet usually includes at least one serving of vegetables per day, and I usually am eating fruits and whole grain things. ;Milk for a drink, meat, a grain, vegetable, fruit for dinner;My ideal diet is my mom's home cooking. It's always healthy and organic. 
Ice cream, cake, mozzarella sticks, pierogies ;Boredom;144 lbs;I eat a lot less than I did at home but find myself snacking more than actual meals. ;I typically try to eat healthy but being away at school makes it harder. I try to avoid junk food as well and trying to only eat it on the weekends.;It has protein, vegetables and some carbs ;I would like to get more protein in me. I would also like to eat healthier more consistently rather than here and there. 
Chips, Mac and cheese, pizza, French fries ;Stress, sadness, bored ;145;I don't eat as healthy because there aren't as many healthy options at the dinning hall. ;My current diet is balanced and includes food from all the food groups. ;Balanced between protein, veggies, and carbs;My ideal diet is a diet that makes me feel good but also allows me to eat junk food once in a while. 
Pizza, burritos, slim jims;Boredom, stress, and it tastes good;130;Freshman year I did not watch my diet at all and really let myself go. I ate pizza and fries for almost every meal. Summer following freshman year I knew I needed to stop doing that so I cut out as many refined carbs as I could and try to eat healthier portions.;I am not vegetarian. I love red meat like steak and salami. I try to limit the amount of carbs I eat;Well portioned meat, veggies, and fruits. Water instead of a sugary drink like pop. ;My ideal diet would be cutting out red meats and sticking to leaner meats like turkey or chicken. Also keeping refined carbs out of my diet would be ideal.
Broccoli, spaghetti squash, quinoa, and grilled chicken;Bad day, bored, sadness;140;I don't eat as often;Healthy and light;A vegetable, a protein, and a fruit;Healthy and light
Chocolate, ice cream, cookie dough;Boredom, being in your period, and long bus rides for softball;140;I tend to snack more and have smaller meals.;My meals consist of a vegetable, a meat and usually a carbohydrate. I eat a lot of fruit and snack in between meals on little things.;A balanced meal with a protein, carbohydrate and a vegetable.;I would like to eat less carbohydrates, such as pasta and breads. I wish I knew how to incorporate healthier alternatives to the foods I eat.
pizza, pretzels, fruit snacks, deli sandwhich;boredom, anger, happy;140;I eat a lot less and more junk food.;I eat somewhat healthy. The food at egan is not the best.;salad;I would like to consume a lot more meat and protein. I want to consume more fruit.
Chips, ice cream;Boredom, stress;200;I stopped drinking soda and only drink water now;I have a diet of meats and other high protein foods. ;Protein source, vegetables, fruits, whole grains;A balanced diet with each food group. Getting enough protein and carbohydrates.
;;;;;;
mac and cheese, potato soup, ice cream, chips and cheese;sadness, stressed, boredom;120;I do not eat as many fruits and vegetables as I normally would as being home even though i do eat them still;I normally eat a salad every day. I try to get at least every food group into my diet;grilled meat, fruit, vegetable, and some grains;Eating all fruits and vegetables. Staying away from all the unhealthy foods.
chocolate, pizza, and mashed potatoes;boredom and stress;150;I eat less healthy breakfast now, usually just grab something quick like a granola bar.;Current diet is rather poor.  I eat a lot of chicken and carbs.  I also tend to eat a lot of desserts.;a plate that has a variety of colors not just one color;My idea diet would consist of eating more balanced diet consisting of fruits, vegetables, and meat.  I would like to not eat so much unhealthy junk food/desserts.
Pizza cookies steak ;Boredom comfort hunger ;200;Expansion of eating variety ;Meat carbs and candy ;Meat and potatoes ;Meat carbs and candy 
chocolate, fruit, and ice cream;stress, boredom;135;not going to Egan every meal maybe once a day;At school its hard but usually a granola bar and fruit for breakfast, a wrap for dinner or lunch, and then veggies and hummus.;good portions of fruit, protein, veggies and carbs;To eat moderations of every food group each day and no processed food
Chips sweets popcorn;Boredom;145;More coffee less water ;No diet. I eat what makes me feel good;All food groups;Whatever makes me feel good. Doesnt cost a fortune. 
Cookies, burgers, chicken noodle soup, ice cream;happiness, hunger, sadness;130;Less fruits and veggies;If there is berries I will eat them.  Eat any kind of pasta.  Hate cooked vegetables;All of the food groups(carbs, veggies, fruits,etc);More fruits and Veggies.  Less carbs
cake, French fries, chicken nuggets;boredom, sadness;190;convenience food ;I eat fruits, dairy and carbs ;all elements of food pyramid;a colorful diet
pizza, ice cream, cookies;boredom;170;Food is not as healthy. ;I eat two-tree meals per day. Always eat a breakfast. ;lots of colors;A good breakfast. A healthy lunch and dinner.
Mashed potatoes, pasta;Boredom, sadness, or with friends ;127;Eating at Egan or the laker has definitely made me gain weight because every time I go home and eat I lose weight. ;I eat healthy as well as unhealthy. I try to keep a balanced diet but often eat junk food with friends.;Has fruits vegetables and or some type of meat ;Delicious but also very healthy for you. Low in carbs but does not delete carbs all together.
Pasta dishes, Cheesecake, Pancakes;Sadness, Loneliness, Boredom;167;Huge changes have occurred. I eat far healthier, less processed  food, less dense carbohydrates and way more vegetables and fruits.;I eat a paleo based diet high in protein and low in fat. I stay away from processed foods as much as I can.;Mostly vegetables and plenty of lean protein and healthy fats to keep you full;Staying away from processed foods completely and incorporating more plant proteins opposed to meat proteins would be ideals.
Ice cream, pizza, cookies;Mostly Stress;140;I eat way too often and way too much x;I try to eat something light for breakfast like cereal or an apple. For lunch I eat sandwiches or pasta also something somewhat light and I eat however much I'm hungry for at dinner. Sometimes I try to be healthy with a salad or something and then I get dessert ;Lots of Greens, meat and water;Healthy smoothies for breakfast, healthy sandwich for lunch. For dinner, something wholesome and also healthy. Then a light dessert.
Chinese food, moes, sponge candy, homemade lasagne ;boredom, sadness ;190;Less snacking ;Eat fruits and vegetables daily and with almost every meal. Diet mostly consists of meat as well. ;Small portion of meat with majority fruits or vegetables ;More organic food. Want to try and add more seafood into my diet.  
pizza, pasta, mac and cheese;when i am sad or craving;155;less healthy because of less options, money and time.;I try to eat healthy but sometimes drink soda pop and I enjoy desserts. harder to eat healthy when I am at school. ;lots of variety and veggies;Eating healthy with lots of water and natural foods. 
Little Debbie snacks, donuts, pizza;None;175;Willingly eating vegetables ;High protein and high carbs with fruits and vegetables as needed;High protein, high carbs , vegetables ;Same as current diet 
carrots, plantain chips, almonds, popcorn ;stress, boredom, college as whole ;129;I have been eating healthier especially vegetables and proteinous food ;i currently eat a lot of salad, but do not eat 3 times a day nor eat breakfast ;Healthy meal for me is a food rich in protein, fiber, some sort of carbohydrates;it would be a vegetarian diet without any red meat 
chips, ice cream, fruit snacks;boredom;260;i eat healthier all around;I used to eat whatever but since i've come to college i try to eat fruits and vegetables everyday. I also avoid fried foods.;half a plate of protein, quarter of a plate of carbs and the other quarter fruits or veggies.;My ideal diet would be no processed food or fried food. Also, very low in excess carbs and high in protein.
Macaroni and cheese, chicken noodle soup, pizza;Boredom and stress;135;Home cooked meals and a lot more difficult to have at college. It's typically quick, on the go foods. ;I eat very basic foods like pizza and pasta. I don't try many new things. ;Very colorful and smaller portions of the unhealthy food with larger portions of vegetables ;Ideally I would eat more fruits and vegetables in my diet along with some junk food. 
Chocolate, Chips, Ice cream, French Fires, Pizza;Stress, sadness, boredom;190;I have increased the amounts of vegetables I eat due to the unhealthy options in our dining halls;My diet consists of high levels of meats with some vegetables. Coexisting with varying levels of sugars ;Chicken Salad with Pita Chips;A balance between meats and vegetables with less sugar
Mac and cheese, lasagna, Chinese food ;Boredom, sadness;165;I eat alot of carbs and eat much more frequently;Very poor. Heavy carb consumption. ;Fruits, vegetables, meat ;Alot of fruits and veggies. Meat and bread. Water, because hydration is important kids
candy, Chinese, mcdonalds;laziness and hungover;175;I eat whatever is offered at egan or at the laker;Complete diet. protein vegetables and carbs;steak or salmon with broccoli or asparagus and brown rice or quinoa;High protein with lots of vegetables and fruit
Doritos, mac and cheese, ice cream;Boredom, hunger, snacking.;184;Food is readily available so I don't have to cook so it's easier to eat a lot.;I eat usually 2 times a day, either breakfast and dinner or lunch and dinner.  I feel that is enough for me.;a balance of Meat and vegetables;I like the diet I have now.  I could eat 3 times a day but I feel healthy as is.
Ice cream, cake, pop, pizza, and milkshakes.;Happiness, sadness, celebration.;210;I've eaten more fruits and vegetables. Started eating seafood.;Currently whatever Egan has at the moment.;Modest proportions of many different food groups.;Variety of fruits, vegetables, and meats in healthy proportion.
Mac and Cheese, Pizza, Ice Cream and French Fries ;Boredom, anger and just being hungry in general.;155;Coming to college I definitely have tried to change my eating habits in order to maintain my weight and be more healthy. ;I try to maintain a healthy diet. I always try to eat foods that are beneficial to my health and that will impact me in the long run.;It combines a protein with other elements of the diet such as vegetables and other items that support the body.;I want to aim to eat foods that are healthy and nutritious. Since I workout a lot, I want to eat foods that will replenish the nutrients my body needs in order to function. 
Soup, pasta, cake;Depression, comfort, accessibility ;185;When I was on campus (which I am not anymore) I ate way more fruits and vegetables since I had easy access to them.;Somewhat unhealthy. This is due to my hectic work and school schedule.;Well balanced with protein, fruits, vegetables, starch, etc.;My ideal diet would be one that is well balanced. It would include lots of fruits and vegetables.
mac & cheese, frosted brownies, chicken nuggs;they are yummy, my boyfriend sometimes makes me sad, boredom;165;eat more salads;i drink alot of lemon water, and milk. i also eat ice cream frequently after dinner. but i also eat lots of fruits and veggies;lean meat, fresh fruits & veggies;ideal diet would be less sweets and carbohydrates. 
watermelon, grapes, ice cream;Sad, bored, excited;125;I consume a lot more grapefuit since I've come to college. The meals here are also more greasy than I am used to. ;I typically eat very healthy. i consume fruits and vegetables in about every meal. ;water, fruits, vegetables, protein, carbs;Although I don't eat junk food very often, i would love not to have those days where I eat a lot. 
macaroni and cheese, stuffed peppers, hamburgers, french fries;boredom, stress, mood swings;160;I eat a lot more carbs than I did when I lived at home.;At this time it is very touch and go. Some days I live on sandwiches and ice cream while other days I eat lots of fruits and vegetables. ;More vegetables and fruits as opposed to meat and bread/potatoes;If at all possible, I would like to be able to eat a lot healthier. I would like to eat more fruits and vegetables with the hope of eventually going vegetarian.
Pizza, mashed potatoes, spaghetti;Anger, sadness;135;"Avoiding ""easy options"" such as junk foods ";A very healthy diet. Avoiding junk foods, and any white breads. ;A protein, veggies, and a carb;A very healthy diet, with the occasional splurging on junk foods. 
dark chocolate, terra chips, reese's cups(dark chocolate), and bread/crackers with cottage cheese;"Anxiousness, watching TV I desire ""comfort food"" ";130;Coming to college I have ate less well colored meals each day due to lack of income and desire to save money. I used to eat more fruits and vegetables, more chicken and salmon, now these habits have lightened up and are not as frequent and regular in the week. I have also started eating more bread and dairy products.;I have been eating mainly proteins and some fruits and vegetables every day with some less healthy snack foods.  ;Salmon, sweet potato, and larger portion, but equally spread of broccoli, squash, zucchini, carrots, and tomatoes.;I would like my diet to fulfill all the colors of the rainbow, with mainly fruits and vegetables as the primary source of intake, and about one fourth intake of proteins, and little to no snacks per day.  
Chips, chocolate, ,mozzarella sticks ;Boredom, sadness, anxiety;230;I've definitely gotten used to eating more often since I have a fully cooked meal available to me at all the time.  Sometimes I would only eat one full meal and a snack in high school because I was so busy and did not have the time to cook. ;High in carbs, but I have recently tried to cut down on fats, salt, and sugars. I choose more organic options as well as more fruits and vegetables. ;Vegetables, white meat, and a starch like potatoes, water, and fruit for dessert ;A low car, low fat diet with no red meat and lots of plant-based things. I would like to cut red meat out entirely and also cut down on processed snack foods. 
ice cream, chips, candy;Boredom, laziness, anger;125;I do not eat full meals. Rarely eat 3 meals a day. ;Since I am a college student I rarely cook full meals with protein, vegetables and starch. I usually just heat up leftovers from a restaurant or go eat casual food at the dining hall.;I think a healthy meals includes some kind of protein, preferably meat, vegetables, and a starch such as potatoes or rice;My ideal diet right now would be how it was when I lived at home. I ate breakfast every morning, brought a lunch to school, and had a home cooked meal by my mom that included meat, vegetables and a starch. 
Pizza, soda, chocolate brownie, chicken tikka masala and butter naan ;Stress and sadness;130;I have been drinking more water. Since college, I've been more conscious about my diet and incorporated more fruits on my diet. ;It is pretty balanced with a diverse mixture of proteins, carbohydrates, vitamins and minerals. Fruits and chicken dominate my diet. ;A healthy meal constitutes of balanced diet with fruits and veggies dominating the plate. ;My ideal diet would getting to eat small portioned meals in every 2-3 hours. 
Chocolate, Pasta, Cookies;I am always stressed out, and bored when I am in my apartment. ;165;My diet could improve now. I have been eating more than I should.;I try to eat a balanced meal. I refrain from anything too fatty. ;To me a healthy meal is balanced and ;I would like to try to eat vegan. 
Candy, salty snacks, toast;Stress, sadness, boredom;128;Late night snacking;moderately health conscious ;equal portions of carbs, proteins and fruits/veges;Small portions, healthy foods
Mac in cheese, pizza, mozzarella sticks ;Stress, frustration, self-consciousness ;200;I snack less and eat smaller portions ;protein, carbs, less fruits and vegetables, some sweets ;Salad with chicken and vegetables with a raspberry vinaigrette ;Much more vegetables and lean protein
Ice-cream, pizza, chocolate;Sadness and cravings;160;I eat out more. ;I eat at least 2 times a day at the universities dining places. I also sometimes cook myself and try to eat healthy a majority of the time. ;It includes a protein, vegetable, fruit, and grain. ;I hope to continue to eat healthy and cook more on my own. I want to incorporate more fruits and vegetables. 
snacks, chips, ;boredom;170;more healthy food;some healthy food and also some not so healthy.;low calories plenty of veggies;more healthy food such as vegetables than bad food such as burgers.
Chocolate, Ice cream, pizza;Sadness, happiness and boredom;129;I had to change a lot. I keep track of calories and cut out most breads and wraps.;I eat a lot of proteins and fruit and vegetables. I try to stay away from carbohydrates and sugary foods.;A pice of meat such as chicken with a side of vegetables and possibly a salad;I wouldn't want or crave any sweets or breads.I would be satisfied with protein and fruit and veggies. 
ice cream, pizza, Chinese food ;Boredom and sadness;170;They have gotten very bad. I eat a lot more food that I know I should not eat. ;"My current diet would be considered a ""college diet"". I eat a lot of pizza and ramen noodles. ";Blackened Chicken, broccoli, and milk;My ideal diet would be a healthy diet. I would eat meats and veggies. 
Burgers, indian and korean food;sadness, happiness and hunger;138;not eating meals on time;Not very healthy;Meat, greens and food containing protein;Healthy and tasty
chocolate bar, ice cream, pretzels, potato chips and protein bars.;Stress, boredom and physical activity;150;Eating more dairy due to more ice cream intake.;I currently eat an abundance of carbohydrates. I have a low intake of protein. I overly intake calcium.;Intaking the proper amount of each food group;My ideal diet would be an equal balance of all the food groups. I would like to eat more protein. Also, i would prefer to cut back on the junk food.
Ice cream, chocolate, pizza, cucumber ;loneliness, homework, boredom ;170;less vegetable more sweats;It is very unbalance. Mostly fat food, Lack of vegetables.;BBQ Chicken with mash sweat potatoes and steam vegetable with corn and a glass of water.;Very healthy. Freshly done. properly cooked
Noodle ( any kinds of noodle), Tuna sandwich, and Egg.;When i'm  eating with my close friends/ Food smell or look good/ when I feel tired;113;I eat more vegetable. Since coming to college, I started to eat salads and tried to eat salads at least three times a week.;I eat in dining hall of school everyday. I usually have both meat and a little vegetable in every meal. ;Including both vegetable and meat;My ideal diet should include both vegetable and meat. It is not only healthy but also delicious. 
Chinese, chips, cake;Stress and boredom ;140;I try to eat more fruits and vegetables ;Try to eat as healthy as possible. A few days where fast food comes into play because of classes. ;Chicken vegetables and fruit for dinner ;All home cooked. Healthy. Vegetables and fruit. 
chips, rice, chicken curry,;Happiness, boredom, social event;185;Started eating a lot of protein rich food that i didnt before.;My diet is mostly whatever I get to eat in the grotto commons. Sometimes, I eat outside;A diet that is well balanced in most of the nutrients needed for the body.;Healthy balanced diet that tastes well.
wine. mac and cheese, pizza, ice cream ;boredom and sadness ;156;I have noticed there is less time for a prepared meal, so quick and easy has become the norm.;My diet consists mainly of coffee, water, fruits, vegetables, and chicken. I tend to stay away from bread and pasta as much as possible. ;mainly protein and vegetables with a complex carb ;My ideal diet would consist of a majority of what I consume now. I like to think I make pretty healthy choices currently, so it would most likely remain the same.
Pizza / Wings / Cheesecake;Loneliness / Homesick / Sadness;180;Eating Pizza as an excuse when there is nothing else to it.;A college student with an imbalanced diet trying to be healthy.;A healthy meal is a variety of food , organic food that gives you the nutrients such as protein , carbohydrates , fat , water , vitamins and minerals.;Eating home cooked meals everyday and being able to not eat processed foods at all.
rice, potato, seaweed soup;sadness;120;less rice;Rice, oatmeal, and tea;lots of vegetables;lots of veggies
Mac n Cheese, Lasagna, Pizza;happiness, they are some of my favorite foods;135;I don't eat as much on a daily basis since coming to college.;I try to eat as healthy as possible everyday.  I have fruit, yogurt and a protein shake everyday.  The other foods i eat vary on a day to day basis.;A protein, a fruit, a starch, and a salad or some sort of vegetable.;My ideal diet is the diet i am currently on.  The only thing i would change is a little bit less snack/junk food.
Chocolates, pizza, and Ritz.;hormones, Premenstrual syndrome.;135;I have learned to eat more vegetables. ;high in protein and low in carbohydrates.;a cup of rice, vegetables, and meat. ;Being able to balance between sweets, vegetables, fruits, carbohydrates, and fat.
