Sample_Size,Question,Data_Value
55,Percent of adults who report consuming vegetables less than one time daily,[6.9]
56,Percent of adults who report consuming fruit less than one time daily,[50.1]
58,Percent of adults aged 18 years and older who have an overweight classification,[48.8]
58,Percent of adults aged 18 years and older who have obesity,[20.5]
60,Percent of adults who report consuming fruit less than one time daily,[37.8]
60,Percent of adults who report consuming vegetables less than one time daily,[11.1]
61,Percent of adults aged 18 years and older who have an overweight classification,[33.0]
61,Percent of adults aged 18 years and older who have obesity,[27.4]
62,Percent of adults who engage in no leisure-time physical activity,[26.5]
65,Percent of adults who report consuming vegetables less than one time daily,[19.7]
68,Percent of adults who report consuming vegetables less than one time daily,[16.5]
69,Percent of adults aged 18 years and older who have an overweight classification,[36.6]
69,Percent of adults aged 18 years and older who have obesity,[38.8]
69,Percent of adults who report consuming fruit less than one time daily,[34.3]
69,Percent of adults who report consuming vegetables less than one time daily,[18.9]
70,Percent of adults who engage in no leisure-time physical activity,[29.9]
71,Percent of adults who report consuming fruit less than one time daily,[42.4]
72,Percent of adults aged 18 years and older who have an overweight classification,[28.6]
72,Percent of adults aged 18 years and older who have obesity,[37.1]
72,Percent of adults who report consuming fruit less than one time daily,"[42.6, 21.9]"
75,Percent of adults who report consuming vegetables less than one time daily,[37.6]
76,Percent of adults who report consuming vegetables less than one time daily,[16.6]
78,Percent of adults aged 18 years and older who have an overweight classification,"[39.2, 42.0]"
78,Percent of adults aged 18 years and older who have obesity,"[31.2, 29.4]"
79,Percent of adults aged 18 years and older who have an overweight classification,[43.3]
79,Percent of adults aged 18 years and older who have obesity,[24.6]
79,Percent of adults who report consuming vegetables less than one time daily,[17.2]
80,Percent of adults who report consuming fruit less than one time daily,[45.6]
81,Percent of adults aged 18 years and older who have an overweight classification,[35.3]
81,Percent of adults aged 18 years and older who have obesity,[45.8]
81,Percent of adults who report consuming fruit less than one time daily,[35.4]
82,Percent of adults aged 18 years and older who have an overweight classification,[39.7]
82,Percent of adults aged 18 years and older who have obesity,[37.0]
82,Percent of adults who report consuming vegetables less than one time daily,[17.8]
84,Percent of adults who engage in no leisure-time physical activity,"[22.8, 21.8]"
84,Percent of adults who report consuming fruit less than one time daily,[32.5]
87,Percent of adults who engage in no leisure-time physical activity,[17.8]
88,Percent of adults who engage in no leisure-time physical activity,"[25.4, 29.6]"
96,Percent of adults who engage in no leisure-time physical activity,"[11.2, 19.9]"
98,Percent of adults who report consuming vegetables less than one time daily,[27.5]
103,Percent of adults who report consuming fruit less than one time daily,[53.4]
103,Percent of adults who report consuming vegetables less than one time daily,[20.9]
106,Percent of adults aged 18 years and older who have an overweight classification,[29.5]
106,Percent of adults aged 18 years and older who have obesity,[20.7]
107,Percent of adults aged 18 years and older who have an overweight classification,[33.2]
107,Percent of adults aged 18 years and older who have obesity,[32.6]
107,Percent of adults who report consuming fruit less than one time daily,[38.4]
107,Percent of adults who report consuming vegetables less than one time daily,[15.1]
113,Percent of adults who report consuming vegetables less than one time daily,[32.9]
115,Percent of adults who report consuming fruit less than one time daily,[43.7]
116,Percent of adults who engage in no leisure-time physical activity,[29.5]
118,Percent of adults who report consuming fruit less than one time daily,[37.2]
121,Percent of adults aged 18 years and older who have an overweight classification,[29.0]
121,Percent of adults aged 18 years and older who have obesity,[35.9]
122,Percent of adults aged 18 years and older who have an overweight classification,[26.0]
122,Percent of adults aged 18 years and older who have obesity,[34.8]
129,Percent of adults who report consuming fruit less than one time daily,[27.6]
130,Percent of adults aged 18 years and older who have an overweight classification,[34.6]
130,Percent of adults aged 18 years and older who have obesity,[29.2]
132,Percent of adults who report consuming vegetables less than one time daily,[17.4]
133,Percent of adults who engage in no leisure-time physical activity,"[37.2, 23.5]"
134,Percent of adults who engage in no leisure-time physical activity,[20.9]
145,Percent of adults who report consuming fruit less than one time daily,[43.5]
145,Percent of adults who report consuming vegetables less than one time daily,[16.0]
147,Percent of adults aged 18 years and older who have an overweight classification,[40.1]
147,Percent of adults aged 18 years and older who have obesity,[14.2]
150,Percent of adults who engage in no leisure-time physical activity,[20.5]
157,Percent of adults who report consuming vegetables less than one time daily,[23.0]
158,Percent of adults who report consuming fruit less than one time daily,[49.5]
158,Percent of adults who report consuming vegetables less than one time daily,[16.6]
160,Percent of adults who engage in no leisure-time physical activity,[17.1]
161,Percent of adults who report consuming vegetables less than one time daily,[19.5]
164,Percent of adults who report consuming fruit less than one time daily,[42.4]
165,Percent of adults aged 18 years and older who have an overweight classification,[36.8]
165,Percent of adults aged 18 years and older who have obesity,[8.1]
167,Percent of adults who report consuming fruit less than one time daily,[43.9]
167,Percent of adults who report consuming vegetables less than one time daily,[35.9]
174,Percent of adults aged 18 years and older who have an overweight classification,[33.2]
174,Percent of adults aged 18 years and older who have obesity,[39.1]
175,Percent of adults who report consuming fruit less than one time daily,"[51.2, 44.2]"
175,Percent of adults who report consuming vegetables less than one time daily,[20.0]
176,Percent of adults aged 18 years and older who have an overweight classification,[22.7]
176,Percent of adults aged 18 years and older who have obesity,[28.4]
176,Percent of adults who report consuming vegetables less than one time daily,[12.3]
177,Percent of adults aged 18 years and older who have an overweight classification,[31.2]
177,Percent of adults aged 18 years and older who have obesity,[31.1]
178,Percent of adults who report consuming vegetables less than one time daily,[12.7]
180,Percent of adults aged 18 years and older who have an overweight classification,[22.5]
180,Percent of adults aged 18 years and older who have obesity,[17.5]
184,Percent of adults who report consuming fruit less than one time daily,[39.5]
187,Percent of adults aged 18 years and older who have an overweight classification,[26.1]
187,Percent of adults aged 18 years and older who have obesity,[31.8]
189,Percent of adults who engage in no leisure-time physical activity,[24.3]
191,Percent of adults who engage in no leisure-time physical activity,[20.6]
193,Percent of adults who engage in no leisure-time physical activity,[15.2]
193,Percent of adults who report consuming fruit less than one time daily,[49.3]
196,Percent of adults who engage in no leisure-time physical activity,[19.4]
197,Percent of adults who report consuming vegetables less than one time daily,[19.3]
199,Percent of adults who report consuming fruit less than one time daily,[34.3]
206,Percent of adults who engage in no leisure-time physical activity,[22.9]
207,Percent of adults aged 18 years and older who have an overweight classification,[37.8]
207,Percent of adults aged 18 years and older who have obesity,[26.1]
207,Percent of adults who report consuming vegetables less than one time daily,[14.8]
210,Percent of adults who engage in no leisure-time physical activity,[21.3]
213,Percent of adults who report consuming vegetables less than one time daily,[28.5]
214,Percent of adults who report consuming fruit less than one time daily,[30.1]
216,Percent of adults aged 18 years and older who have an overweight classification,[31.5]
216,Percent of adults aged 18 years and older who have obesity,[26.4]
219,Percent of adults who engage in no leisure-time physical activity,[14.6]
219,Percent of adults who report consuming vegetables less than one time daily,[24.7]
223,Percent of adults who report consuming fruit less than one time daily,[44.8]
224,Percent of adults who report consuming fruit less than one time daily,[52.2]
225,Percent of adults aged 18 years and older who have an overweight classification,[32.0]
225,Percent of adults aged 18 years and older who have obesity,[13.6]
232,Percent of adults aged 18 years and older who have an overweight classification,[28.5]
232,Percent of adults aged 18 years and older who have obesity,[25.4]
232,Percent of adults who report consuming vegetables less than one time daily,"[21.6, 37.6]"
235,Percent of adults who engage in no leisure-time physical activity,[32.3]
238,Percent of adults who report consuming vegetables less than one time daily,[24.9]
240,Percent of adults who report consuming fruit less than one time daily,"[44.6, 41.7]"
246,Percent of adults who report consuming vegetables less than one time daily,[36.8]
249,Percent of adults who report consuming fruit less than one time daily,[41.3]
250,Percent of adults who report consuming vegetables less than one time daily,[27.4]
252,Percent of adults aged 18 years and older who have an overweight classification,[31.5]
252,Percent of adults aged 18 years and older who have obesity,[37.6]
252,Percent of adults who report consuming fruit less than one time daily,[47.2]
253,Percent of adults aged 18 years and older who have an overweight classification,[31.1]
253,Percent of adults aged 18 years and older who have obesity,[28.8]
254,Percent of adults who engage in no leisure-time physical activity,[19.3]
255,Percent of adults aged 18 years and older who have an overweight classification,[33.0]
255,Percent of adults aged 18 years and older who have obesity,[35.5]
256,Percent of adults aged 18 years and older who have an overweight classification,[36.0]
256,Percent of adults aged 18 years and older who have obesity,[42.5]
256,Percent of adults who report consuming vegetables less than one time daily,[30.4]
258,Percent of adults who report consuming fruit less than one time daily,[44.1]
259,Percent of adults who report consuming vegetables less than one time daily,[16.8]
262,Percent of adults who engage in no leisure-time physical activity,[16.6]
263,Percent of adults who report consuming fruit less than one time daily,"[47.5, 41.4]"
265,Percent of adults who engage in no leisure-time physical activity,[30.5]
272,Percent of adults aged 18 years and older who have an overweight classification,[25.8]
272,Percent of adults aged 18 years and older who have obesity,[44.4]
273,Percent of adults aged 18 years and older who have an overweight classification,[27.0]
273,Percent of adults aged 18 years and older who have obesity,[40.8]
275,Percent of adults aged 18 years and older who have an overweight classification,[35.0]
275,Percent of adults aged 18 years and older who have obesity,[30.6]
279,Percent of adults who engage in no leisure-time physical activity,[45.2]
280,Percent of adults aged 18 years and older who have an overweight classification,[27.9]
280,Percent of adults aged 18 years and older who have obesity,[26.1]
282,Percent of adults who engage in no leisure-time physical activity,[25.6]
283,Percent of adults who report consuming vegetables less than one time daily,[42.0]
286,Percent of adults who engage in no leisure-time physical activity,[46.9]
287,Percent of adults who report consuming vegetables less than one time daily,[20.9]
294,Percent of adults who engage in no leisure-time physical activity,[18.9]
294,Percent of adults who report consuming fruit less than one time daily,[39.6]
295,Percent of adults who report consuming vegetables less than one time daily,[28.2]
296,Percent of adults who engage in no leisure-time physical activity,[19.8]
300,Percent of adults who report consuming vegetables less than one time daily,[31.6]
303,Percent of adults who engage in no leisure-time physical activity,[25.0]
305,Percent of adults who report consuming vegetables less than one time daily,[27.8]
309,Percent of adults who engage in no leisure-time physical activity,[21.8]
309,Percent of adults who report consuming fruit less than one time daily,[37.3]
311,Percent of adults who report consuming fruit less than one time daily,[44.4]
312,Percent of adults aged 18 years and older who have an overweight classification,[42.2]
312,Percent of adults aged 18 years and older who have obesity,[37.0]
313,Percent of adults who report consuming fruit less than one time daily,[50.6]
317,Percent of adults who report consuming fruit less than one time daily,[46.2]
322,Percent of adults who report consuming vegetables less than one time daily,[24.1]
328,Percent of adults aged 18 years and older who have an overweight classification,[33.1]
328,Percent of adults aged 18 years and older who have obesity,[40.5]
329,Percent of adults aged 18 years and older who have an overweight classification,[31.2]
329,Percent of adults aged 18 years and older who have obesity,[31.4]
330,Percent of adults aged 18 years and older who have an overweight classification,[37.1]
330,Percent of adults aged 18 years and older who have obesity,[35.5]
330,Percent of adults who report consuming fruit less than one time daily,[39.5]
332,Percent of adults who report consuming vegetables less than one time daily,[29.9]
335,Percent of adults who report consuming fruit less than one time daily,[50.1]
342,Percent of adults who engage in no leisure-time physical activity,[23.4]
349,Percent of adults aged 18 years and older who have an overweight classification,[30.3]
349,Percent of adults aged 18 years and older who have obesity,[42.5]
349,Percent of adults who report consuming vegetables less than one time daily,[34.0]
351,Percent of adults aged 18 years and older who have an overweight classification,[36.6]
351,Percent of adults aged 18 years and older who have obesity,[29.9]
356,Percent of adults who engage in no leisure-time physical activity,[46.9]
362,Percent of adults who report consuming fruit less than one time daily,[41.9]
363,Percent of adults aged 18 years and older who have an overweight classification,[29.0]
363,Percent of adults aged 18 years and older who have obesity,[33.9]
366,Percent of adults who engage in no leisure-time physical activity,[43.0]
370,Percent of adults aged 18 years and older who have an overweight classification,[29.5]
370,Percent of adults aged 18 years and older who have obesity,[27.5]
372,Percent of adults who engage in no leisure-time physical activity,[24.7]
373,Percent of adults who report consuming vegetables less than one time daily,[17.2]
385,Percent of adults who report consuming fruit less than one time daily,[44.5]
386,Percent of adults who engage in no leisure-time physical activity,[31.8]
387,Percent of adults who report consuming vegetables less than one time daily,[25.9]
392,Percent of adults who engage in no leisure-time physical activity,[40.4]
393,Percent of adults who report consuming fruit less than one time daily,[48.0]
394,Percent of adults aged 18 years and older who have an overweight classification,[32.1]
394,Percent of adults aged 18 years and older who have obesity,[45.3]
397,Percent of adults who report consuming vegetables less than one time daily,[20.4]
401,Percent of adults who report consuming vegetables less than one time daily,[32.6]
404,Percent of adults who engage in no leisure-time physical activity,[31.9]
405,Percent of adults who report consuming vegetables less than one time daily,[24.8]
409,Percent of adults aged 18 years and older who have an overweight classification,[30.1]
409,Percent of adults aged 18 years and older who have obesity,[40.8]
410,Percent of adults who report consuming vegetables less than one time daily,[20.3]
411,Percent of adults who report consuming vegetables less than one time daily,[25.2]
412,Percent of adults who engage in no leisure-time physical activity,[47.2]
412,Percent of adults who report consuming fruit less than one time daily,[39.8]
413,Percent of adults who report consuming vegetables less than one time daily,"[13.1, 31.5]"
414,Percent of adults aged 18 years and older who have an overweight classification,[22.5]
414,Percent of adults aged 18 years and older who have obesity,[20.0]
416,Percent of adults who report consuming fruit less than one time daily,[46.1]
419,Percent of adults aged 18 years and older who have an overweight classification,[35.5]
419,Percent of adults aged 18 years and older who have obesity,[38.3]
419,Percent of adults who report consuming fruit less than one time daily,"[49.4, 44.6]"
419,Percent of adults who report consuming vegetables less than one time daily,[32.6]
420,Percent of adults who report consuming fruit less than one time daily,[46.8]
430,Percent of adults who engage in no leisure-time physical activity,[46.4]
433,Percent of adults aged 18 years and older who have an overweight classification,[21.1]
433,Percent of adults aged 18 years and older who have obesity,[46.6]
433,Percent of adults who report consuming fruit less than one time daily,[40.0]
434,Percent of adults who report consuming fruit less than one time daily,[38.9]
434,Percent of adults who report consuming vegetables less than one time daily,[13.9]
437,Percent of adults who engage in no leisure-time physical activity,[28.3]
438,Percent of adults aged 18 years and older who have an overweight classification,[36.9]
438,Percent of adults aged 18 years and older who have obesity,[39.8]
440,Percent of adults aged 18 years and older who have an overweight classification,[32.5]
440,Percent of adults aged 18 years and older who have obesity,[33.0]
440,Percent of adults who report consuming fruit less than one time daily,[49.7]
441,Percent of adults aged 18 years and older who have an overweight classification,[35.5]
441,Percent of adults aged 18 years and older who have obesity,[40.3]
441,Percent of adults who report consuming fruit less than one time daily,[36.6]
448,Percent of adults aged 18 years and older who have an overweight classification,[29.7]
448,Percent of adults aged 18 years and older who have obesity,[48.9]
448,Percent of adults who report consuming vegetables less than one time daily,[31.4]
453,Percent of adults who report consuming vegetables less than one time daily,[23.4]
455,Percent of adults aged 18 years and older who have an overweight classification,[34.7]
455,Percent of adults aged 18 years and older who have obesity,[33.2]
455,Percent of adults who engage in no leisure-time physical activity,[24.8]
457,Percent of adults who report consuming fruit less than one time daily,[42.4]
463,Percent of adults aged 18 years and older who have an overweight classification,[29.8]
463,Percent of adults aged 18 years and older who have obesity,[44.4]
465,Percent of adults who report consuming vegetables less than one time daily,[15.2]
466,Percent of adults who engage in no leisure-time physical activity,[26.0]
468,Percent of adults who engage in no leisure-time physical activity,[17.7]
474,Percent of adults who report consuming vegetables less than one time daily,[19.6]
475,Percent of adults aged 18 years and older who have an overweight classification,[30.7]
475,Percent of adults aged 18 years and older who have obesity,[46.2]
475,Percent of adults who engage in no leisure-time physical activity,[23.3]
476,Percent of adults who report consuming fruit less than one time daily,[42.9]
478,Percent of adults who engage in no leisure-time physical activity,[15.1]
478,Percent of adults who report consuming vegetables less than one time daily,[22.2]
479,Percent of adults who report consuming fruit less than one time daily,[45.5]
486,Percent of adults who report consuming fruit less than one time daily,[49.1]
487,Percent of adults who engage in no leisure-time physical activity,[22.3]
489,Percent of adults aged 18 years and older who have an overweight classification,[33.9]
489,Percent of adults aged 18 years and older who have obesity,[39.6]
489,Percent of adults who report consuming vegetables less than one time daily,[26.7]
490,Percent of adults who report consuming vegetables less than one time daily,[23.0]
492,Percent of adults who report consuming fruit less than one time daily,[45.5]
495,Percent of adults who engage in no leisure-time physical activity,[33.0]
499,Percent of adults who report consuming vegetables less than one time daily,[16.7]
501,Percent of adults who report consuming fruit less than one time daily,[47.9]
503,Percent of adults who engage in no leisure-time physical activity,[38.5]
504,Percent of adults aged 18 years and older who have an overweight classification,[28.5]
504,Percent of adults aged 18 years and older who have obesity,[46.4]
507,Percent of adults who engage in no leisure-time physical activity,[28.5]
507,Percent of adults who report consuming fruit less than one time daily,[44.5]
507,Percent of adults who report consuming vegetables less than one time daily,[36.3]
509,Percent of adults aged 18 years and older who have an overweight classification,[30.0]
509,Percent of adults aged 18 years and older who have obesity,[36.7]
509,Percent of adults who report consuming vegetables less than one time daily,[27.9]
513,Percent of adults aged 18 years and older who have an overweight classification,[26.4]
513,Percent of adults aged 18 years and older who have obesity,[50.0]
513,Percent of adults who report consuming vegetables less than one time daily,[29.1]
518,Percent of adults who report consuming fruit less than one time daily,[36.2]
521,Percent of adults aged 18 years and older who have an overweight classification,"[31.8, 33.8]"
521,Percent of adults aged 18 years and older who have obesity,"[45.8, 33.7]"
522,Percent of adults who engage in no leisure-time physical activity,[32.9]
522,Percent of adults who report consuming fruit less than one time daily,[51.1]
523,Percent of adults who report consuming vegetables less than one time daily,[38.4]
524,Percent of adults who report consuming vegetables less than one time daily,[17.2]
529,Percent of adults who report consuming fruit less than one time daily,[42.7]
531,Percent of adults who report consuming vegetables less than one time daily,[22.3]
532,Percent of adults who report consuming vegetables less than one time daily,[23.9]
533,Percent of adults aged 18 years and older who have an overweight classification,"[38.6, 32.2]"
533,Percent of adults aged 18 years and older who have obesity,"[35.2, 45.3]"
533,Percent of adults who report consuming vegetables less than one time daily,[24.2]
534,Percent of adults aged 18 years and older who have an overweight classification,[29.5]
534,Percent of adults aged 18 years and older who have obesity,[39.2]
535,Percent of adults who engage in no leisure-time physical activity,[28.3]
537,Percent of adults who report consuming fruit less than one time daily,[39.4]
540,Percent of adults who report consuming vegetables less than one time daily,[29.7]
541,Percent of adults who report consuming fruit less than one time daily,[45.4]
543,Percent of adults who report consuming fruit less than one time daily,[39.0]
544,Percent of adults who report consuming vegetables less than one time daily,[38.0]
546,Percent of adults aged 18 years and older who have an overweight classification,[37.1]
546,Percent of adults aged 18 years and older who have obesity,[27.6]
548,Percent of adults who report consuming fruit less than one time daily,"[51.2, 39.4]"
551,Percent of adults who report consuming vegetables less than one time daily,[19.2]
553,Percent of adults aged 18 years and older who have an overweight classification,[31.0]
553,Percent of adults aged 18 years and older who have obesity,[9.4]
553,Percent of adults who engage in no leisure-time physical activity,"[22.4, 26.7]"
556,Percent of adults who report consuming fruit less than one time daily,[39.9]
558,Percent of adults who report consuming fruit less than one time daily,[49.3]
559,Percent of adults who report consuming fruit less than one time daily,[47.7]
559,Percent of adults who report consuming vegetables less than one time daily,[26.3]
562,Percent of adults who engage in no leisure-time physical activity,[25.6]
562,Percent of adults who report consuming vegetables less than one time daily,[32.3]
563,Percent of adults aged 18 years and older who have an overweight classification,[38.2]
563,Percent of adults aged 18 years and older who have obesity,[31.0]
564,Percent of adults who engage in no leisure-time physical activity,[31.5]
566,Percent of adults who report consuming vegetables less than one time daily,[19.5]
567,Percent of adults who report consuming fruit less than one time daily,[37.2]
568,Percent of adults aged 18 years and older who have an overweight classification,[24.6]
568,Percent of adults aged 18 years and older who have obesity,[19.5]
568,Percent of adults who report consuming fruit less than one time daily,[50.7]
569,Percent of adults aged 18 years and older who have an overweight classification,[30.9]
569,Percent of adults aged 18 years and older who have obesity,[42.8]
570,Percent of adults who report consuming fruit less than one time daily,[42.6]
570,Percent of adults who report consuming vegetables less than one time daily,[19.5]
572,Percent of adults who report consuming vegetables less than one time daily,[24.5]
573,Percent of adults aged 18 years and older who have an overweight classification,[32.3]
573,Percent of adults aged 18 years and older who have obesity,[39.0]
575,Percent of adults aged 18 years and older who have an overweight classification,[29.1]
575,Percent of adults aged 18 years and older who have obesity,[39.1]
577,Percent of adults who report consuming fruit less than one time daily,[49.2]
582,Percent of adults who engage in no leisure-time physical activity,[42.5]
583,Percent of adults aged 18 years and older who have an overweight classification,[31.1]
583,Percent of adults aged 18 years and older who have obesity,[39.0]
585,Percent of adults who engage in no leisure-time physical activity,[28.1]
586,Percent of adults who engage in no leisure-time physical activity,[35.6]
587,Percent of adults aged 18 years and older who have an overweight classification,[29.4]
587,Percent of adults aged 18 years and older who have obesity,[37.1]
587,Percent of adults who report consuming fruit less than one time daily,[37.8]
589,Percent of adults who engage in no leisure-time physical activity,[20.8]
589,Percent of adults who report consuming fruit less than one time daily,[46.3]
589,Percent of adults who report consuming vegetables less than one time daily,[27.1]
590,Percent of adults aged 18 years and older who have an overweight classification,[29.6]
590,Percent of adults aged 18 years and older who have obesity,[20.7]
593,Percent of adults aged 18 years and older who have an overweight classification,[32.4]
593,Percent of adults aged 18 years and older who have obesity,[40.1]
594,Percent of adults aged 18 years and older who have an overweight classification,[33.8]
594,Percent of adults aged 18 years and older who have obesity,[46.4]
594,Percent of adults who report consuming vegetables less than one time daily,[26.9]
595,Percent of adults aged 18 years and older who have an overweight classification,[34.1]
595,Percent of adults aged 18 years and older who have obesity,[32.2]
598,Percent of adults who engage in no leisure-time physical activity,[33.3]
604,Percent of adults who report consuming vegetables less than one time daily,[20.7]
605,Percent of adults who engage in no leisure-time physical activity,[13.5]
605,Percent of adults who report consuming fruit less than one time daily,[42.6]
610,Percent of adults who engage in no leisure-time physical activity,[44.4]
610,Percent of adults who report consuming fruit less than one time daily,[47.6]
611,Percent of adults who report consuming fruit less than one time daily,[33.2]
614,Percent of adults aged 18 years and older who have an overweight classification,"[35.8, 33.1]"
614,Percent of adults aged 18 years and older who have obesity,"[33.9, 35.5]"
616,Percent of adults who engage in no leisure-time physical activity,[31.1]
618,Percent of adults who report consuming vegetables less than one time daily,[33.6]
625,Percent of adults who engage in no leisure-time physical activity,[34.7]
626,Percent of adults aged 18 years and older who have an overweight classification,"[24.0, 32.3]"
626,Percent of adults aged 18 years and older who have obesity,"[13.8, 31.7]"
628,Percent of adults who engage in no leisure-time physical activity,[17.3]
628,Percent of adults who report consuming fruit less than one time daily,[35.1]
630,Percent of adults aged 18 years and older who have an overweight classification,[38.5]
630,Percent of adults aged 18 years and older who have obesity,[26.9]
631,Percent of adults who engage in no leisure-time physical activity,[32.1]
631,Percent of adults who report consuming vegetables less than one time daily,[16.5]
638,Percent of adults who engage in no leisure-time physical activity,[35.6]
643,Percent of adults who engage in no leisure-time physical activity,"[23.8, 21.6, 36.3]"
645,Percent of adults who engage in no leisure-time physical activity,[17.4]
648,Percent of adults who report consuming fruit less than one time daily,[47.0]
650,Percent of adults aged 18 years and older who have an overweight classification,[33.9]
650,Percent of adults aged 18 years and older who have obesity,[32.4]
658,Percent of adults who report consuming vegetables less than one time daily,[32.9]
664,Percent of adults who engage in no leisure-time physical activity,[29.2]
670,Percent of adults who engage in no leisure-time physical activity,[13.1]
671,Percent of adults who report consuming vegetables less than one time daily,[15.0]
672,Percent of adults who report consuming fruit less than one time daily,[41.1]
675,Percent of adults aged 18 years and older who have an overweight classification,[27.9]
675,Percent of adults aged 18 years and older who have obesity,[44.1]
677,Percent of adults who engage in no leisure-time physical activity,[27.8]
683,Percent of adults who engage in no leisure-time physical activity,[29.6]
683,Percent of adults who report consuming vegetables less than one time daily,[11.2]
691,Percent of adults who report consuming fruit less than one time daily,[42.9]
695,Percent of adults who report consuming vegetables less than one time daily,"[15.1, 20.7]"
699,Percent of adults who engage in no leisure-time physical activity,[14.3]
704,Percent of adults who report consuming fruit less than one time daily,[41.8]
710,Percent of adults aged 18 years and older who have an overweight classification,[36.9]
710,Percent of adults aged 18 years and older who have obesity,[33.3]
710,Percent of adults who report consuming fruit less than one time daily,[37.5]
714,Percent of adults who engage in no leisure-time physical activity,[25.7]
720,Percent of adults aged 18 years and older who have an overweight classification,[35.6]
720,Percent of adults aged 18 years and older who have obesity,[27.8]
721,Percent of adults aged 18 years and older who have an overweight classification,[38.9]
721,Percent of adults aged 18 years and older who have obesity,[32.3]
721,Percent of adults who engage in no leisure-time physical activity,[36.3]
721,Percent of adults who report consuming fruit less than one time daily,[36.9]
732,Percent of adults who engage in no leisure-time physical activity,[34.6]
739,Percent of adults who report consuming vegetables less than one time daily,[17.2]
740,Percent of adults aged 18 years and older who have an overweight classification,[35.4]
740,Percent of adults aged 18 years and older who have obesity,[36.2]
754,Percent of adults who engage in no leisure-time physical activity,[15.0]
755,Percent of adults who report consuming vegetables less than one time daily,[35.1]
757,Percent of adults who engage in no leisure-time physical activity,[12.4]
758,Percent of adults aged 18 years and older who have an overweight classification,[41.0]
758,Percent of adults aged 18 years and older who have obesity,[38.3]
760,Percent of adults who report consuming fruit less than one time daily,[43.7]
769,Percent of adults aged 18 years and older who have an overweight classification,[31.6]
769,Percent of adults aged 18 years and older who have obesity,[42.9]
776,Percent of adults who engage in no leisure-time physical activity,[17.9]
777,Percent of adults who report consuming vegetables less than one time daily,[22.8]
778,Percent of adults who engage in no leisure-time physical activity,[13.5]
787,Percent of adults aged 18 years and older who have an overweight classification,[31.2]
787,Percent of adults aged 18 years and older who have obesity,[32.2]
787,Percent of adults who report consuming vegetables less than one time daily,[42.5]
791,Percent of adults who report consuming fruit less than one time daily,[39.4]
791,Percent of adults who report consuming vegetables less than one time daily,[18.0]
792,Percent of adults who report consuming vegetables less than one time daily,[20.0]
793,Percent of adults who report consuming fruit less than one time daily,[41.4]
808,Percent of adults aged 18 years and older who have an overweight classification,[37.6]
808,Percent of adults aged 18 years and older who have obesity,[34.1]
809,Percent of adults who report consuming fruit less than one time daily,[48.4]
811,Percent of adults who report consuming vegetables less than one time daily,[21.2]
812,Percent of adults who report consuming fruit less than one time daily,[32.3]
813,Percent of adults who report consuming fruit less than one time daily,[51.5]
823,Percent of adults who report consuming fruit less than one time daily,[36.7]
826,Percent of adults aged 18 years and older who have an overweight classification,[32.7]
826,Percent of adults aged 18 years and older who have obesity,[44.4]
827,Percent of adults aged 18 years and older who have an overweight classification,[33.2]
827,Percent of adults aged 18 years and older who have obesity,[42.6]
835,Percent of adults who report consuming vegetables less than one time daily,[21.7]
845,Percent of adults aged 18 years and older who have an overweight classification,[36.3]
845,Percent of adults aged 18 years and older who have obesity,[30.0]
852,Percent of adults who report consuming vegetables less than one time daily,[22.2]
855,Percent of adults who report consuming fruit less than one time daily,[36.4]
863,Percent of adults who report consuming vegetables less than one time daily,[26.7]
865,Percent of adults who engage in no leisure-time physical activity,[21.5]
870,Percent of adults who report consuming vegetables less than one time daily,[21.3]
877,Percent of adults who report consuming fruit less than one time daily,[38.8]
886,Percent of adults who report consuming fruit less than one time daily,[41.1]
888,Percent of adults who report consuming fruit less than one time daily,[36.8]
892,Percent of adults aged 18 years and older who have an overweight classification,[43.4]
892,Percent of adults aged 18 years and older who have obesity,[29.6]
893,Percent of adults who report consuming vegetables less than one time daily,[20.5]
894,Percent of adults aged 18 years and older who have an overweight classification,[34.7]
894,Percent of adults aged 18 years and older who have obesity,[33.7]
900,Percent of adults who engage in no leisure-time physical activity,[39.1]
905,Percent of adults aged 18 years and older who have an overweight classification,[33.4]
905,Percent of adults aged 18 years and older who have obesity,[36.3]
913,Percent of adults who engage in no leisure-time physical activity,[39.1]
918,Percent of adults aged 18 years and older who have an overweight classification,"[34.8, 33.9]"
918,Percent of adults aged 18 years and older who have obesity,"[30.7, 27.3]"
918,Percent of adults who engage in no leisure-time physical activity,[15.6]
919,Percent of adults who report consuming vegetables less than one time daily,[22.9]
921,Percent of adults who report consuming fruit less than one time daily,[43.7]
939,Percent of adults who report consuming fruit less than one time daily,[39.8]
940,Percent of adults who report consuming vegetables less than one time daily,[19.8]
948,Percent of adults who report consuming vegetables less than one time daily,[21.8]
950,Percent of adults who engage in no leisure-time physical activity,[35.2]
951,Percent of adults aged 18 years and older who have an overweight classification,[37.4]
951,Percent of adults aged 18 years and older who have obesity,[33.0]
953,Percent of adults who engage in no leisure-time physical activity,[23.9]
958,Percent of adults aged 18 years and older who have an overweight classification,[35.3]
958,Percent of adults aged 18 years and older who have obesity,[28.0]
960,Percent of adults who report consuming fruit less than one time daily,[35.9]
967,Percent of adults who report consuming fruit less than one time daily,[41.3]
969,Percent of adults who engage in no leisure-time physical activity,[21.8]
974,Percent of adults who engage in no leisure-time physical activity,[31.4]
981,Percent of adults aged 18 years and older who have an overweight classification,[33.6]
981,Percent of adults aged 18 years and older who have obesity,[26.7]
982,Percent of adults who report consuming vegetables less than one time daily,[18.3]
985,Percent of adults who engage in no leisure-time physical activity,[37.7]
990,Percent of adults who engage in no leisure-time physical activity,[18.2]
995,Percent of adults who engage in no leisure-time physical activity,[25.2]
998,Percent of adults who report consuming vegetables less than one time daily,[17.1]
1005,Percent of adults who report consuming vegetables less than one time daily,[21.7]
1017,Percent of adults who report consuming fruit less than one time daily,[39.8]
1024,Percent of adults who engage in no leisure-time physical activity,[17.4]
1025,Percent of adults who report consuming vegetables less than one time daily,[28.2]
1027,Percent of adults who report consuming fruit less than one time daily,[32.2]
1031,Percent of adults who report consuming vegetables less than one time daily,[27.1]
1032,Percent of adults who report consuming vegetables less than one time daily,[18.0]
1034,Percent of adults who engage in no leisure-time physical activity,[20.5]
1036,Percent of adults who report consuming fruit less than one time daily,[31.4]
1039,Percent of adults who report consuming fruit less than one time daily,[37.5]
1042,Percent of adults aged 18 years and older who have an overweight classification,[36.7]
1042,Percent of adults aged 18 years and older who have obesity,[34.4]
1044,Percent of adults who report consuming fruit less than one time daily,[38.2]
1048,Percent of adults who report consuming vegetables less than one time daily,[25.8]
1057,Percent of adults who report consuming fruit less than one time daily,[43.6]
1060,Percent of adults aged 18 years and older who have an overweight classification,[38.0]
1060,Percent of adults aged 18 years and older who have obesity,[32.0]
1063,Percent of adults aged 18 years and older who have an overweight classification,[38.7]
1063,Percent of adults aged 18 years and older who have obesity,[31.7]
1069,Percent of adults aged 18 years and older who have an overweight classification,[35.5]
1069,Percent of adults aged 18 years and older who have obesity,[29.1]
1076,Percent of adults aged 18 years and older who have an overweight classification,[26.5]
1076,Percent of adults aged 18 years and older who have obesity,[49.7]
1080,Percent of adults aged 18 years and older who have an overweight classification,[37.9]
1080,Percent of adults aged 18 years and older who have obesity,[29.2]
1083,Percent of adults who engage in no leisure-time physical activity,[18.9]
1088,Percent of adults who report consuming fruit less than one time daily,[37.9]
1095,Percent of adults who engage in no leisure-time physical activity,[18.4]
1097,Percent of adults who report consuming vegetables less than one time daily,[27.3]
1113,Percent of adults who report consuming fruit less than one time daily,[49.3]
1126,Percent of adults aged 18 years and older who have an overweight classification,[35.0]
1126,Percent of adults aged 18 years and older who have obesity,[34.5]
1127,Percent of adults who report consuming vegetables less than one time daily,[17.3]
1129,Percent of adults who engage in no leisure-time physical activity,[20.1]
1130,Percent of adults who engage in no leisure-time physical activity,[12.2]
1134,Percent of adults who engage in no leisure-time physical activity,[20.7]
1143,Percent of adults who report consuming vegetables less than one time daily,[25.1]
1144,Percent of adults who report consuming fruit less than one time daily,[39.1]
1149,Percent of adults who report consuming vegetables less than one time daily,"[15.0, 21.4]"
1165,Percent of adults aged 18 years and older who have an overweight classification,[30.1]
1165,Percent of adults aged 18 years and older who have obesity,[41.1]
1167,Percent of adults who report consuming fruit less than one time daily,[44.1]
1172,Percent of adults aged 18 years and older who have an overweight classification,[38.8]
1172,Percent of adults aged 18 years and older who have obesity,[25.6]
1172,Percent of adults who engage in no leisure-time physical activity,[35.0]
1177,Percent of adults who report consuming fruit less than one time daily,[47.6]
1180,Percent of adults who engage in no leisure-time physical activity,[22.3]
1194,Percent of adults aged 18 years and older who have an overweight classification,[31.6]
1194,Percent of adults aged 18 years and older who have obesity,[42.6]
1194,Percent of adults who report consuming fruit less than one time daily,[47.7]
1201,Percent of adults who report consuming vegetables less than one time daily,[21.8]
1207,Percent of adults who engage in no leisure-time physical activity,[30.2]
1209,Percent of adults aged 18 years and older who have an overweight classification,[35.4]
1209,Percent of adults aged 18 years and older who have obesity,[34.2]
1229,Percent of adults who report consuming vegetables less than one time daily,[18.3]
1233,Percent of adults who report consuming fruit less than one time daily,[42.3]
1237,Percent of adults who report consuming vegetables less than one time daily,[17.8]
1243,Percent of adults who engage in no leisure-time physical activity,[10.4]
1244,Percent of adults who report consuming vegetables less than one time daily,[17.0]
1245,Percent of adults who engage in no leisure-time physical activity,[37.4]
1255,Percent of adults aged 18 years and older who have an overweight classification,[40.9]
1255,Percent of adults aged 18 years and older who have obesity,[36.0]
1259,Percent of adults aged 18 years and older who have an overweight classification,[37.1]
1259,Percent of adults aged 18 years and older who have obesity,[36.9]
1259,Percent of adults who engage in no leisure-time physical activity,[20.7]
1269,Percent of adults who engage in no leisure-time physical activity,[23.7]
1271,Percent of adults who report consuming fruit less than one time daily,[41.4]
1272,Percent of adults aged 18 years and older who have an overweight classification,[31.9]
1272,Percent of adults aged 18 years and older who have obesity,[35.5]
1277,Percent of adults who report consuming fruit less than one time daily,[46.8]
1285,Percent of adults who report consuming fruit less than one time daily,[35.5]
1289,Percent of adults who engage in no leisure-time physical activity,[27.9]
1302,Percent of adults aged 18 years and older who have an overweight classification,[36.3]
1302,Percent of adults aged 18 years and older who have obesity,[27.2]
1334,Percent of adults who report consuming vegetables less than one time daily,[18.9]
1337,Percent of adults aged 18 years and older who have an overweight classification,[31.9]
1337,Percent of adults aged 18 years and older who have obesity,[42.8]
1356,Percent of adults who report consuming vegetables less than one time daily,[25.2]
1360,Percent of adults who report consuming fruit less than one time daily,[42.7]
1362,Percent of adults aged 18 years and older who have an overweight classification,[33.0]
1362,Percent of adults aged 18 years and older who have obesity,[23.1]
1388,Percent of adults who report consuming vegetables less than one time daily,[18.1]
1389,Percent of adults who engage in no leisure-time physical activity,[14.8]
1391,Percent of adults who engage in no leisure-time physical activity,[18.6]
1393,Percent of adults who report consuming vegetables less than one time daily,[19.0]
1397,Percent of adults who report consuming vegetables less than one time daily,[22.1]
1407,Percent of adults who engage in no leisure-time physical activity,[26.3]
1412,Percent of adults who report consuming fruit less than one time daily,[40.5]
1414,Percent of adults who report consuming vegetables less than one time daily,[17.4]
1416,Percent of adults who report consuming vegetables less than one time daily,[17.6]
1419,Percent of adults who report consuming fruit less than one time daily,[48.9]
1424,Percent of adults who report consuming fruit less than one time daily,[42.5]
1425,Percent of adults who report consuming fruit less than one time daily,[43.8]
1434,Percent of adults aged 18 years and older who have an overweight classification,[39.9]
1434,Percent of adults aged 18 years and older who have obesity,[31.7]
1443,Percent of adults who report consuming vegetables less than one time daily,[26.0]
1449,Percent of adults aged 18 years and older who have an overweight classification,[36.0]
1449,Percent of adults aged 18 years and older who have obesity,[29.7]
1450,Percent of adults aged 18 years and older who have an overweight classification,[40.5]
1450,Percent of adults aged 18 years and older who have obesity,[35.8]
1452,Percent of adults who report consuming fruit less than one time daily,[43.8]
1469,Percent of adults who report consuming vegetables less than one time daily,[30.1]
1475,Percent of adults who report consuming vegetables less than one time daily,[17.9]
1479,Percent of adults who report consuming vegetables less than one time daily,[18.5]
1487,Percent of adults who report consuming vegetables less than one time daily,[16.9]
1491,Percent of adults who report consuming fruit less than one time daily,[36.7]
1492,Percent of adults who engage in no leisure-time physical activity,[28.4]
1494,Percent of adults who report consuming vegetables less than one time daily,[18.7]
1503,Percent of adults who report consuming fruit less than one time daily,[38.5]
1505,Percent of adults who engage in no leisure-time physical activity,[19.2]
1514,Percent of adults aged 18 years and older who have an overweight classification,[35.2]
1514,Percent of adults aged 18 years and older who have obesity,[37.1]
1523,Percent of adults who report consuming fruit less than one time daily,[38.2]
1524,Percent of adults aged 18 years and older who have an overweight classification,[36.9]
1524,Percent of adults aged 18 years and older who have obesity,[31.6]
1526,Percent of adults who report consuming fruit less than one time daily,[37.8]
1527,Percent of adults aged 18 years and older who have an overweight classification,[36.8]
1527,Percent of adults aged 18 years and older who have obesity,[34.8]
1528,Percent of adults who report consuming fruit less than one time daily,[37.8]
1531,Percent of adults who report consuming fruit less than one time daily,[42.5]
1534,Percent of adults aged 18 years and older who have an overweight classification,[28.8]
1534,Percent of adults aged 18 years and older who have obesity,[39.5]
1536,Percent of adults who report consuming fruit less than one time daily,[42.5]
1540,Percent of adults who engage in no leisure-time physical activity,[12.4]
1543,Percent of adults aged 18 years and older who have an overweight classification,[39.8]
1543,Percent of adults aged 18 years and older who have obesity,[28.5]
1548,Percent of adults who report consuming vegetables less than one time daily,[17.2]
1551,Percent of adults aged 18 years and older who have an overweight classification,[33.2]
1551,Percent of adults aged 18 years and older who have obesity,[36.7]
1552,Percent of adults who engage in no leisure-time physical activity,[21.4]
1553,Percent of adults aged 18 years and older who have an overweight classification,[34.2]
1553,Percent of adults aged 18 years and older who have obesity,[34.3]
1555,Percent of adults who report consuming vegetables less than one time daily,[15.5]
1557,Percent of adults aged 18 years and older who have an overweight classification,[33.4]
1557,Percent of adults aged 18 years and older who have obesity,[35.0]
1558,Percent of adults who engage in no leisure-time physical activity,[19.9]
1562,Percent of adults who report consuming vegetables less than one time daily,[17.6]
1566,Percent of adults aged 18 years and older who have an overweight classification,[35.4]
1566,Percent of adults aged 18 years and older who have obesity,[33.4]
1566,Percent of adults who report consuming fruit less than one time daily,[40.5]
1568,Percent of adults who report consuming vegetables less than one time daily,[20.0]
1571,Percent of adults who report consuming vegetables less than one time daily,[18.4]
1576,Percent of adults aged 18 years and older who have an overweight classification,[34.2]
1576,Percent of adults aged 18 years and older who have obesity,[34.1]
1581,Percent of adults who report consuming fruit less than one time daily,[33.4]
1590,Percent of adults who report consuming fruit less than one time daily,[43.3]
1599,Percent of adults aged 18 years and older who have an overweight classification,[36.4]
1599,Percent of adults aged 18 years and older who have obesity,[33.0]
1601,Percent of adults who engage in no leisure-time physical activity,[23.4]
1607,Percent of adults aged 18 years and older who have an overweight classification,[35.6]
1607,Percent of adults aged 18 years and older who have obesity,[27.5]
1607,Percent of adults who report consuming vegetables less than one time daily,[21.7]
1616,Percent of adults aged 18 years and older who have an overweight classification,[35.6]
1616,Percent of adults aged 18 years and older who have obesity,[31.8]
1618,Percent of adults who report consuming fruit less than one time daily,[38.8]
1624,Percent of adults who report consuming fruit less than one time daily,[39.3]
1631,Percent of adults who engage in no leisure-time physical activity,[19.4]
1636,Percent of adults who report consuming vegetables less than one time daily,[29.6]
1639,Percent of adults who report consuming vegetables less than one time daily,[22.9]
1641,Percent of adults aged 18 years and older who have an overweight classification,[39.4]
1641,Percent of adults aged 18 years and older who have obesity,[30.9]
1642,Percent of adults who report consuming fruit less than one time daily,[41.1]
1657,Percent of adults who report consuming vegetables less than one time daily,[21.1]
1671,Percent of adults who engage in no leisure-time physical activity,[19.8]
1673,Percent of adults aged 18 years and older who have an overweight classification,[33.5]
1673,Percent of adults aged 18 years and older who have obesity,[34.9]
1674,Percent of adults who report consuming fruit less than one time daily,"[47.1, 30.8]"
1692,Percent of adults who report consuming fruit less than one time daily,[42.4]
1693,Percent of adults aged 18 years and older who have an overweight classification,[37.4]
1693,Percent of adults aged 18 years and older who have obesity,[23.9]
1697,Percent of adults aged 18 years and older who have an overweight classification,[39.1]
1697,Percent of adults aged 18 years and older who have obesity,[35.8]
1701,Percent of adults who engage in no leisure-time physical activity,[37.9]
1702,Percent of adults who report consuming vegetables less than one time daily,[24.8]
1718,Percent of adults who engage in no leisure-time physical activity,[19.1]
1736,Percent of adults who engage in no leisure-time physical activity,[30.9]
1739,Percent of adults who engage in no leisure-time physical activity,[16.0]
1745,Percent of adults who report consuming fruit less than one time daily,[44.4]
1752,Percent of adults who engage in no leisure-time physical activity,[21.5]
1753,Percent of adults aged 18 years and older who have an overweight classification,[36.3]
1753,Percent of adults aged 18 years and older who have obesity,[38.0]
1758,Percent of adults who engage in no leisure-time physical activity,[41.3]
1784,Percent of adults who report consuming vegetables less than one time daily,[21.7]
1800,Percent of adults who engage in no leisure-time physical activity,[14.9]
1803,Percent of adults who engage in no leisure-time physical activity,[25.4]
1808,Percent of adults who engage in no leisure-time physical activity,[30.3]
1823,Percent of adults who engage in no leisure-time physical activity,[25.2]
1826,Percent of adults who engage in no leisure-time physical activity,[26.9]
1828,Percent of adults aged 18 years and older who have an overweight classification,[37.0]
1828,Percent of adults aged 18 years and older who have obesity,[35.1]
1829,Percent of adults who report consuming fruit less than one time daily,[40.1]
1833,Percent of adults who report consuming vegetables less than one time daily,[23.0]
1840,Percent of adults aged 18 years and older who have an overweight classification,[33.5]
1840,Percent of adults aged 18 years and older who have obesity,[28.2]
1843,Percent of adults who engage in no leisure-time physical activity,[30.8]
1864,Percent of adults who engage in no leisure-time physical activity,[17.4]
1877,Percent of adults who report consuming fruit less than one time daily,[46.4]
1877,Percent of adults who report consuming vegetables less than one time daily,[17.7]
1908,Percent of adults who report consuming vegetables less than one time daily,[26.6]
1909,Percent of adults who engage in no leisure-time physical activity,[28.2]
1914,Percent of adults who report consuming vegetables less than one time daily,[34.4]
1919,Percent of adults who report consuming vegetables less than one time daily,[18.5]
1930,Percent of adults aged 18 years and older who have an overweight classification,[39.6]
1930,Percent of adults aged 18 years and older who have obesity,[35.7]
1930,Percent of adults who engage in no leisure-time physical activity,[20.7]
1936,Percent of adults who report consuming vegetables less than one time daily,[13.6]
1948,Percent of adults who report consuming fruit less than one time daily,[40.9]
1953,Percent of adults who engage in no leisure-time physical activity,[25.6]
1957,Percent of adults who report consuming fruit less than one time daily,[34.0]
1974,Percent of adults who report consuming fruit less than one time daily,[29.9]
1978,Percent of adults who report consuming fruit less than one time daily,[45.2]
1984,Percent of adults who report consuming fruit less than one time daily,[33.1]
1986,Percent of adults aged 18 years and older who have an overweight classification,[34.7]
1986,Percent of adults aged 18 years and older who have obesity,[32.7]
1998,Percent of adults aged 18 years and older who have an overweight classification,[35.9]
1998,Percent of adults aged 18 years and older who have obesity,[28.5]
2011,Percent of adults who engage in no leisure-time physical activity,[25.7]
2031,Percent of adults aged 18 years and older who have an overweight classification,[38.2]
2031,Percent of adults aged 18 years and older who have obesity,[26.6]
2062,Percent of adults aged 18 years and older who have an overweight classification,[35.4]
2062,Percent of adults aged 18 years and older who have obesity,[32.6]
2066,Percent of adults who engage in no leisure-time physical activity,[23.4]
2067,Percent of adults aged 18 years and older who have an overweight classification,[34.5]
2067,Percent of adults aged 18 years and older who have obesity,[38.7]
2178,Percent of adults who engage in no leisure-time physical activity,[10.8]
2210,Percent of adults who engage in no leisure-time physical activity,[26.4]
2215,Percent of adults who report consuming vegetables less than one time daily,[18.1]
2237,Percent of adults who engage in no leisure-time physical activity,[28.1]
2277,Percent of adults who engage in no leisure-time physical activity,[26.3]
2278,Percent of adults who report consuming fruit less than one time daily,[41.9]
2294,Percent of adults who engage in no leisure-time physical activity,[19.5]
2308,Percent of adults who report consuming vegetables less than one time daily,[18.3]
2332,Percent of adults who engage in no leisure-time physical activity,[29.8]
2334,Percent of adults aged 18 years and older who have an overweight classification,[35.0]
2334,Percent of adults aged 18 years and older who have obesity,[27.8]
2356,Percent of adults who report consuming vegetables less than one time daily,[22.3]
2358,Percent of adults who report consuming vegetables less than one time daily,[15.0]
2371,Percent of adults who report consuming vegetables less than one time daily,[16.1]
2375,Percent of adults who report consuming vegetables less than one time daily,[19.1]
2380,Percent of adults aged 18 years and older who have an overweight classification,[29.6]
2380,Percent of adults aged 18 years and older who have obesity,[34.9]
2389,Percent of adults who report consuming fruit less than one time daily,[40.4]
2404,Percent of adults who report consuming fruit less than one time daily,[34.9]
2448,Percent of adults who report consuming fruit less than one time daily,[32.5]
2450,Percent of adults aged 18 years and older who have an overweight classification,[36.9]
2450,Percent of adults aged 18 years and older who have obesity,[22.9]
2454,Percent of adults who report consuming fruit less than one time daily,[44.3]
2467,Percent of adults who report consuming fruit less than one time daily,[43.1]
2477,Percent of adults who report consuming vegetables less than one time daily,[18.4]
2494,Percent of adults aged 18 years and older who have an overweight classification,[27.7]
2494,Percent of adults aged 18 years and older who have obesity,[41.6]
2503,Percent of adults who report consuming fruit less than one time daily,[44.8]
2567,Percent of adults aged 18 years and older who have an overweight classification,[40.3]
2567,Percent of adults aged 18 years and older who have obesity,[22.9]
2567,Percent of adults who report consuming vegetables less than one time daily,[19.4]
2584,Percent of adults who engage in no leisure-time physical activity,[17.3]
2600,Percent of adults aged 18 years and older who have an overweight classification,[35.2]
2600,Percent of adults aged 18 years and older who have obesity,[33.4]
2632,Percent of adults aged 18 years and older who have an overweight classification,[38.0]
2632,Percent of adults aged 18 years and older who have obesity,[32.3]
2687,Percent of adults who report consuming fruit less than one time daily,[46.4]
2689,Percent of adults who engage in no leisure-time physical activity,[22.3]
2715,Percent of adults aged 18 years and older who have an overweight classification,[28.9]
2715,Percent of adults aged 18 years and older who have obesity,[38.6]
2752,Percent of adults who engage in no leisure-time physical activity,[35.7]
2769,Percent of adults who report consuming vegetables less than one time daily,[12.3]
2792,Percent of adults who engage in no leisure-time physical activity,[18.5]
2800,Percent of adults who engage in no leisure-time physical activity,[13.3]
2805,Percent of adults who report consuming vegetables less than one time daily,[17.3]
2808,Percent of adults who report consuming fruit less than one time daily,[32.5]
2815,Percent of adults who report consuming vegetables less than one time daily,[14.6]
2831,Percent of adults who engage in no leisure-time physical activity,[21.4]
2850,Percent of adults who report consuming fruit less than one time daily,[36.5]
2854,Percent of adults who report consuming fruit less than one time daily,[49.6]
2866,Percent of adults aged 18 years and older who have an overweight classification,[35.2]
2866,Percent of adults aged 18 years and older who have obesity,[19.6]
2884,Percent of adults who engage in no leisure-time physical activity,[40.0]
2888,Percent of adults aged 18 years and older who have an overweight classification,[33.3]
2888,Percent of adults aged 18 years and older who have obesity,[36.8]
2909,Percent of adults aged 18 years and older who have an overweight classification,[34.5]
2909,Percent of adults aged 18 years and older who have obesity,[26.3]
2964,Percent of adults who report consuming vegetables less than one time daily,[19.3]
2979,Percent of adults aged 18 years and older who have an overweight classification,[29.3]
2979,Percent of adults aged 18 years and older who have obesity,[28.7]
3017,Percent of adults who report consuming fruit less than one time daily,[33.5]
3018,Percent of adults who report consuming vegetables less than one time daily,[25.8]
3049,Percent of adults who report consuming vegetables less than one time daily,[17.7]
3065,Percent of adults who engage in no leisure-time physical activity,[9.1]
3069,Percent of adults who engage in no leisure-time physical activity,[16.2]
3069,Percent of adults who report consuming fruit less than one time daily,[39.1]
3080,Percent of adults who engage in no leisure-time physical activity,[31.0]
3110,Percent of adults who report consuming fruit less than one time daily,[43.0]
3119,Percent of adults who engage in no leisure-time physical activity,[32.9]
3169,Percent of adults aged 18 years and older who have an overweight classification,[43.2]
3169,Percent of adults aged 18 years and older who have obesity,[26.5]
3185,Percent of adults aged 18 years and older who have an overweight classification,[36.7]
3185,Percent of adults aged 18 years and older who have obesity,[33.6]
3189,Percent of adults who report consuming vegetables less than one time daily,[23.9]
3295,Percent of adults who report consuming fruit less than one time daily,[38.5]
3325,Percent of adults who report consuming vegetables less than one time daily,[19.6]
3335,Percent of adults who engage in no leisure-time physical activity,[22.0]
3362,Percent of adults who report consuming vegetables less than one time daily,[16.4]
3365,Percent of adults who report consuming vegetables less than one time daily,[17.0]
3388,Percent of adults who report consuming fruit less than one time daily,[41.0]
3391,Percent of adults aged 18 years and older who have an overweight classification,[37.8]
3391,Percent of adults aged 18 years and older who have obesity,[27.4]
3398,Percent of adults who engage in no leisure-time physical activity,[18.1]
3421,Percent of adults who report consuming vegetables less than one time daily,[12.3]
3438,Percent of adults aged 18 years and older who have an overweight classification,[36.4]
3438,Percent of adults aged 18 years and older who have obesity,[26.5]
3447,Percent of adults who engage in no leisure-time physical activity,[22.6]
3459,Percent of adults who report consuming fruit less than one time daily,[40.2]
3478,Percent of adults who report consuming vegetables less than one time daily,[19.9]
3487,Percent of adults aged 18 years and older who have an overweight classification,[28.7]
3487,Percent of adults aged 18 years and older who have obesity,[30.7]
3490,Percent of adults aged 18 years and older who have an overweight classification,[36.0]
3490,Percent of adults aged 18 years and older who have obesity,[23.5]
3508,Percent of adults who report consuming fruit less than one time daily,[34.2]
3526,Percent of adults who report consuming vegetables less than one time daily,[18.2]
3534,Percent of adults who report consuming fruit less than one time daily,[31.6]
3551,Percent of adults who report consuming vegetables less than one time daily,[17.5]
3559,Percent of adults aged 18 years and older who have an overweight classification,[36.2]
3559,Percent of adults aged 18 years and older who have obesity,[31.4]
3563,Percent of adults who report consuming fruit less than one time daily,[34.8]
3587,Percent of adults aged 18 years and older who have an overweight classification,[41.8]
3587,Percent of adults aged 18 years and older who have obesity,[30.1]
3634,Percent of adults aged 18 years and older who have an overweight classification,[38.5]
3634,Percent of adults aged 18 years and older who have obesity,[28.3]
3647,Percent of adults who report consuming fruit less than one time daily,[47.8]
3700,Percent of adults who report consuming fruit less than one time daily,[33.8]
3794,Percent of adults who report consuming vegetables less than one time daily,[15.3]
3811,Percent of adults aged 18 years and older who have an overweight classification,[33.0]
3811,Percent of adults aged 18 years and older who have obesity,[37.6]
3830,Percent of adults who engage in no leisure-time physical activity,[18.2]
3830,Percent of adults who report consuming vegetables less than one time daily,[15.3]
3859,Percent of adults who report consuming fruit less than one time daily,[37.3]
3870,Percent of adults aged 18 years and older who have an overweight classification,[36.8]
3870,Percent of adults aged 18 years and older who have obesity,[25.5]
3942,Percent of adults who report consuming fruit less than one time daily,[35.8]
3958,Percent of adults aged 18 years and older who have an overweight classification,[35.7]
3958,Percent of adults aged 18 years and older who have obesity,[22.0]
3967,Percent of adults who engage in no leisure-time physical activity,[27.4]
3970,Percent of adults who engage in no leisure-time physical activity,[19.2]
3999,Percent of adults who engage in no leisure-time physical activity,[19.3]
4079,Percent of adults who engage in no leisure-time physical activity,[12.0]
4116,Percent of adults who report consuming vegetables less than one time daily,[20.6]
4177,Percent of adults who report consuming fruit less than one time daily,[45.9]
4217,Percent of adults who engage in no leisure-time physical activity,[13.2]
4234,Percent of adults who engage in no leisure-time physical activity,[29.8]
4247,Percent of adults aged 18 years and older who have an overweight classification,[31.9]
4247,Percent of adults aged 18 years and older who have obesity,[39.9]
4327,Percent of adults who engage in no leisure-time physical activity,[26.3]
4344,Percent of adults aged 18 years and older who have an overweight classification,[29.9]
4344,Percent of adults aged 18 years and older who have obesity,[25.8]
4348,Percent of adults who engage in no leisure-time physical activity,[18.7]
4355,Percent of adults who report consuming vegetables less than one time daily,[24.5]
4361,Percent of adults who report consuming vegetables less than one time daily,[15.5]
4396,Percent of adults who report consuming vegetables less than one time daily,[12.2]
4400,Percent of adults who report consuming vegetables less than one time daily,[21.1]
4483,Percent of adults who report consuming fruit less than one time daily,[45.5]
4499,Percent of adults who report consuming fruit less than one time daily,[32.4]
4505,Percent of adults who report consuming fruit less than one time daily,[35.3]
4542,Percent of adults who report consuming vegetables less than one time daily,[22.0]
4552,Percent of adults aged 18 years and older who have an overweight classification,[36.8]
4552,Percent of adults aged 18 years and older who have obesity,[20.5]
4564,Percent of adults who report consuming fruit less than one time daily,[46.4]
4578,Percent of adults who engage in no leisure-time physical activity,[31.5]
4635,Percent of adults who report consuming fruit less than one time daily,[41.3]
4683,Percent of adults who report consuming vegetables less than one time daily,[18.7]
4704,Percent of adults who engage in no leisure-time physical activity,[13.3]
4755,Percent of adults aged 18 years and older who have an overweight classification,[41.4]
4755,Percent of adults aged 18 years and older who have obesity,[31.1]
4782,Percent of adults aged 18 years and older who have an overweight classification,[31.7]
4782,Percent of adults aged 18 years and older who have obesity,[38.7]
4843,Percent of adults who report consuming fruit less than one time daily,[42.4]
4924,Percent of adults aged 18 years and older who have an overweight classification,[31.4]
4924,Percent of adults aged 18 years and older who have obesity,[31.6]
4932,Percent of adults who report consuming vegetables less than one time daily,[16.2]
4957,Percent of adults who report consuming vegetables less than one time daily,[19.0]
4960,Percent of adults aged 18 years and older who have an overweight classification,[40.6]
4960,Percent of adults aged 18 years and older who have obesity,[24.5]
5012,Percent of adults aged 18 years and older who have an overweight classification,[34.1]
5012,Percent of adults aged 18 years and older who have obesity,[33.5]
5012,Percent of adults who engage in no leisure-time physical activity,[7.4]
5017,Percent of adults who engage in no leisure-time physical activity,[19.4]
5056,Percent of adults who report consuming fruit less than one time daily,[37.8]
5113,Percent of adults who report consuming fruit less than one time daily,[35.7]
5118,Percent of adults who engage in no leisure-time physical activity,[19.0]
5161,Percent of adults aged 18 years and older who have an overweight classification,[35.6]
5161,Percent of adults aged 18 years and older who have obesity,[28.8]
5334,Percent of adults who engage in no leisure-time physical activity,[14.3]
5356,Percent of adults who engage in no leisure-time physical activity,[30.6]
5481,Percent of adults who engage in no leisure-time physical activity,[20.3]
5620,Percent of adults who engage in no leisure-time physical activity,[25.9]
5949,Percent of adults who engage in no leisure-time physical activity,[18.4]
5982,Percent of adults who report consuming vegetables less than one time daily,[22.5]
6086,Percent of adults who report consuming fruit less than one time daily,[36.2]
6148,Percent of adults aged 18 years and older who have an overweight classification,[36.4]
6148,Percent of adults aged 18 years and older who have obesity,[27.6]
6369,Percent of adults who report consuming vegetables less than one time daily,[15.2]
6426,Percent of adults who report consuming vegetables less than one time daily,[17.9]
6513,Percent of adults who report consuming fruit less than one time daily,[38.2]
6552,Percent of adults who report consuming fruit less than one time daily,[41.4]
6674,Percent of adults aged 18 years and older who have an overweight classification,[35.8]
6674,Percent of adults aged 18 years and older who have obesity,[28.2]
6691,Percent of adults aged 18 years and older who have an overweight classification,[35.0]
6691,Percent of adults aged 18 years and older who have obesity,[23.7]
6733,Percent of adults who engage in no leisure-time physical activity,[20.1]
6740,Percent of adults who report consuming vegetables less than one time daily,[20.5]
6995,Percent of adults who report consuming fruit less than one time daily,[36.0]
7074,Percent of adults aged 18 years and older who have an overweight classification,[35.3]
7074,Percent of adults aged 18 years and older who have obesity,[30.4]
7222,Percent of adults who engage in no leisure-time physical activity,[19.7]
7323,Percent of adults who engage in no leisure-time physical activity,[13.4]
8326,Percent of adults who engage in no leisure-time physical activity,[22.9]
8903,Percent of adults who report consuming vegetables less than one time daily,[18.8]
9140,Percent of adults who report consuming fruit less than one time daily,[38.3]
9304,Percent of adults aged 18 years and older who have an overweight classification,[35.5]
9304,Percent of adults aged 18 years and older who have obesity,[25.1]
9312,Percent of adults who report consuming vegetables less than one time daily,[21.7]
9539,Percent of adults who report consuming fruit less than one time daily,[41.6]
9679,Percent of adults aged 18 years and older who have an overweight classification,[36.6]
9679,Percent of adults aged 18 years and older who have obesity,[31.3]
10452,Percent of adults who engage in no leisure-time physical activity,[16.7]
10637,Percent of adults who engage in no leisure-time physical activity,[22.7]
